"vegetables","ARE","2018",0.257971014492754
"vegetables","DJI","2018",0.0441176470588235
"vegetables","DZA","2018",0.0885423062753285
"vegetables","EGY","2018",0.0961825134487005
"vegetables","IRQ","2018",0.0993710691823899
"vegetables","JOR","2018",0.134851138353765
"vegetables","KWT","2018",0.0589928057553957
"vegetables","LBN","2018",0.0922330097087379
"vegetables","MAR","2018",0.123969072164948
"vegetables","MRT","2018",0.0444444444444444
"vegetables","OMN","2018",0.0738255033557047
"vegetables","SAU","2018",0.0848455125061305
"vegetables","SDN","2018",0.0843627598674299
"vegetables","TUN","2018",0.113604972375691
"vegetables","YEM","2018",0.0827922077922078
"vegetables","BGR","2018",0.0910425844346549
"vegetables","CZE","2018",0.0122399020807834
"vegetables","EST","2018",0.0215827338129496
"vegetables","HRV","2018",0.0837320574162679
"vegetables","HUN","2018",0.0671067106710671
"vegetables","LTU","2018",0.0721649484536082
"vegetables","LVA","2018",0.0545454545454545
"vegetables","POL","2018",0.126556939501779
"vegetables","ROU","2018",0.0391915208281982
"vegetables","SVK","2018",0.0515759312320917
"vegetables","SVN","2018",0.10752688172043
"vegetables","BHS","2018",0.0810810810810811
"vegetables","BLZ","2018",0.105263157894737
"vegetables","BRB","2018",0.05
"vegetables","DMA","2018",0.166666666666667
"vegetables","GRD","2018",0.102040816326531
"vegetables","GUY","2018",0.0867768595041322
"vegetables","JAM","2018",0.0871080139372822
"vegetables","SUR","2018",0.0810810810810811
"vegetables","TTO","2018",0.0384615384615385
"vegetables","CHN","2018",0.0907157442620354
"vegetables","FJI","2018",0.0545454545454545
"vegetables","IDN","2018",0.0791663164971846
"vegetables","KHM","2018",0.10016155088853
"vegetables","LAO","2018",0.0914359304571797
"vegetables","MMR","2018",0.098932859048466
"vegetables","MNG","2018",0.0449438202247191
"vegetables","MYS","2018",0.0497925311203319
"vegetables","PHL","2018",0.0843913368185213
"vegetables","PNG","2018",0.123287671232877
"vegetables","PRK","2018",0.0918918918918919
"vegetables","SLB","2018",0.111111111111111
"vegetables","THA","2018",0.089050589050589
"vegetables","TLS","2018",0.0882352941176471
"vegetables","VNM","2018",0.0962495448476757
"vegetables","ARG","2018",0.122250970245796
"vegetables","BGD","2018",0.0855192238591448
"vegetables","BOL","2018",0.0767441860465116
"vegetables","BWA","2018",0.0606060606060606
"vegetables","CPV","2018",0.0731707317073171
"vegetables","DOM","2018",0.094876660341556
"vegetables","ECU","2018",0.103448275862069
"vegetables","ETH","2018",0.0947647448641484
"vegetables","GAB","2018",0.0694444444444444
"vegetables","GHA","2018",0.0789177001127396
"vegetables","GTM","2018",0.305806451612903
"vegetables","HND","2018",0.286290322580645
"vegetables","HTI","2018",0.0794392523364486
"vegetables","IND","2018",0.0839252916460495
"vegetables","IRN","2018",0.119460713891038
"vegetables","ISR","2018",0.0277349768875193
"vegetables","LSO","2018",0.0526315789473684
"vegetables","MEX","2018",0.108320726172466
"vegetables","NAM","2018",0.1
"vegetables","NIC","2018",0.105263157894737
"vegetables","NPL","2018",0.0874245208716199
"vegetables","PAK","2018",0.0920979922637686
"vegetables","PAN","2018",0.1015625
"vegetables","PER","2018",0.168776371308017
"vegetables","PRY","2018",0.102040816326531
"vegetables","RWA","2018",0.106813996316759
"vegetables","SLV","2018",0.107569721115538
"vegetables","TJK","2018",0.0892770499757399
"vegetables","TKM","2018",0.086374695863747
"vegetables","TUR","2018",0.268888068750989
"vegetables","UZB","2018",0.0725274725274725
"vegetables","VEN","2018",0.209125475285171
"vegetables","ZAF","2018",0.0957167832167832
"vegetables","ZWE","2018",0.0986547085201794
"vegetables","AUS","2018",0.0581705150976909
"vegetables","JPN","2018",0.0845249175057111
"vegetables","KOR","2018",0.145877996491912
"vegetables","NZL","2018",0.130365659777424
"vegetables","ALB","2018",0.130536130536131
"vegetables","ARM","2018",0.043010752688172
"vegetables","AZE","2018",0.0427244582043344
"vegetables","BIH","2018",0.0829268292682927
"vegetables","BLR","2018",0.0891445003594536
"vegetables","GEO","2018",0.066079295154185
"vegetables","KAZ","2018",0.0810662269854356
"vegetables","KGZ","2018",0.0585152838427948
"vegetables","MDA","2018",0.0806451612903226
"vegetables","MNE","2018",0.0666666666666667
"vegetables","RUS","2018",0.0228152101400934
"vegetables","SRB","2018",0.0981912144702842
"vegetables","UKR","2018",0.0328694499668655
"vegetables","AUT","2018",0.152759948652118
"vegetables","BEL","2018",0.175396825396825
"vegetables","CHE","2018",0.0303413400758533
"vegetables","CYP","2018",0.08
"vegetables","DEU","2018",0.116827438370847
"vegetables","DNK","2018",0.0616666666666667
"vegetables","ESP","2018",0.212495708891177
"vegetables","FIN","2018",0.0583153347732181
"vegetables","FRA","2018",0.158244079046613
"vegetables","GBR","2018",0.0819040277510118
"vegetables","GRC","2018",0.208588957055215
"vegetables","IRL","2018",0.0933014354066986
"vegetables","ITA","2018",0.124258013454689
"vegetables","LUX","2018",0.0178571428571429
"vegetables","NLD","2018",0.223232323232323
"vegetables","NOR","2018",0.0708661417322835
"vegetables","PRT","2018",0.16042345276873
"vegetables","SWE","2018",0.0891566265060241
"vegetables","MLT","2018",0.0804597701149425
"vegetables","AFG","2018",0.123177842565598
"vegetables","BFA","2018",0.0811688311688312
"vegetables","CAF","2018",0.0909090909090909
"vegetables","CMR","2018",0.0647686832740214
"vegetables","COG","2018",0.0319148936170213
"vegetables","GMB","2018",0.0222222222222222
"vegetables","GNB","2018",0.2
"vegetables","LBR","2018",0.0948905109489051
"vegetables","MLI","2018",0.0538194444444444
"vegetables","NER","2018",0.0773246329526917
"vegetables","NGA","2018",0.137001151839556
"vegetables","TCD","2018",0.0882352941176471
"vegetables","CAN","2018",0.0652346857597454
"vegetables","CHL","2018",0.285516285516285
"vegetables","MUS","2018",0.0731707317073171
"vegetables","URY","2018",0.14070351758794
"vegetables","USA","2018",0.0789473684210526
"vegetables","BEN","2018",0.0865724381625442
"vegetables","GIN","2018",0.0762987012987013
"vegetables","MDG","2018",0.0946882217090069
"vegetables","MOZ","2018",0.0810810810810811
"vegetables","MWI","2018",0.0990654205607477
"vegetables","SEN","2018",0.0762376237623762
"vegetables","SLE","2018",0.0854922279792746
"vegetables","TGO","2018",0.0634920634920635
"vegetables","TZA","2018",0.15791795324217
"vegetables","UGA","2018",0.111280487804878
"vegetables","ZMB","2018",0.0897755610972569
"vegetables","AGO","2018",0.11
"vegetables","BRA","2018",0.112070566388115
"vegetables","COL","2018",0.122222222222222
"vegetables","CRI","2018",0.0859106529209622
"vegetables","LKA","2018",0.132848043676069
"vegetables","KEN","2018",0.0878741366078281
"vegetables","CUB","2018",0.130642954856361
"vegetables","HIC","2018",0.106560092417203
"vegetables","LIC","2018",0.090622802906023
"vegetables","LMC","2018",0.0910202745087209
"vegetables","UMC","2018",0.125422103426817
"nuts_seeds","ARE","2018",0.0227272727272727
"nuts_seeds","DZA","2018",0.0740740740740741
"nuts_seeds","EGY","2018",0.153409090909091
"nuts_seeds","JOR","2018",0.0222222222222222
"nuts_seeds","LBN","2018",0.0428571428571429
"nuts_seeds","MAR","2018",0.079136690647482
"nuts_seeds","SDN","2018",0.578767123287671
"nuts_seeds","TUN","2018",0.0588235294117647
"nuts_seeds","YEM","2018",0.0740740740740741
"nuts_seeds","BGR","2018",2.04878048780488
"nuts_seeds","CZE","2018",1.55555555555556
"nuts_seeds","EST","2018",2.5
"nuts_seeds","HRV","2018",0.705882352941177
"nuts_seeds","HUN","2018",2.18181818181818
"nuts_seeds","LTU","2018",4
"nuts_seeds","LVA","2018",0.5
"nuts_seeds","POL","2018",0.811111111111111
"nuts_seeds","ROU","2018",1.40625
"nuts_seeds","SVK","2018",1
"nuts_seeds","JAM","2018",0.25
"nuts_seeds","CHN","2018",0.154060972771701
"nuts_seeds","IDN","2018",6.04991294254208
"nuts_seeds","KHM","2018",0.0555555555555556
"nuts_seeds","LAO","2018",0.125
"nuts_seeds","MMR","2018",0.39686684073107
"nuts_seeds","MNG","2018",0.5
"nuts_seeds","PHL","2018",0.00793650793650794
"nuts_seeds","PRK","2018",0.125
"nuts_seeds","THA","2018",0.0642201834862385
"nuts_seeds","VNM","2018",0.0563809523809524
"nuts_seeds","ARG","2018",2.7
"nuts_seeds","BGD","2018",0.147651006711409
"nuts_seeds","BOL","2018",0.121212121212121
"nuts_seeds","ECU","2018",2
"nuts_seeds","ETH","2018",0.256544502617801
"nuts_seeds","GAB","2018",0.172413793103448
"nuts_seeds","GHA","2018",2.0515873015873
"nuts_seeds","GTM","2018",0.0869565217391304
"nuts_seeds","HTI","2018",0.0740740740740741
"nuts_seeds","IND","2018",0.333213386110112
"nuts_seeds","IRN","2018",0.0740740740740741
"nuts_seeds","ISR","2018",0.0224719101123595
"nuts_seeds","MEX","2018",0.102620087336245
"nuts_seeds","NIC","2018",0.333333333333333
"nuts_seeds","NPL","2018",0.260869565217391
"nuts_seeds","PAK","2018",0.285714285714286
"nuts_seeds","PAN","2018",0.5
"nuts_seeds","PER","2018",5.30555555555556
"nuts_seeds","PRY","2018",0.666666666666667
"nuts_seeds","RWA","2018",0.133333333333333
"nuts_seeds","TJK","2018",0.111111111111111
"nuts_seeds","TUR","2018",0.149769585253456
"nuts_seeds","UZB","2018",0.127272727272727
"nuts_seeds","VEN","2018",0.5
"nuts_seeds","ZAF","2018",2.51612903225806
"nuts_seeds","ZWE","2018",0.102564102564103
"nuts_seeds","AUS","2018",0.488505747126437
"nuts_seeds","JPN","2018",0.0099009900990099
"nuts_seeds","KOR","2018",0.0224719101123595
"nuts_seeds","ALB","2018",0.0714285714285714
"nuts_seeds","AZE","2018",0.15
"nuts_seeds","BIH","2018",0.111111111111111
"nuts_seeds","BLR","2018",0.333333333333333
"nuts_seeds","GEO","2018",0.0769230769230769
"nuts_seeds","KAZ","2018",2.26666666666667
"nuts_seeds","KGZ","2018",0.111111111111111
"nuts_seeds","MDA","2018",2.85714285714286
"nuts_seeds","RUS","2018",3.67330677290837
"nuts_seeds","SRB","2018",1.12903225806452
"nuts_seeds","UKR","2018",2.92920353982301
"nuts_seeds","AUT","2018",0.142857142857143
"nuts_seeds","BEL","2018",2.23684210526316
"nuts_seeds","CHE","2018",0.111111111111111
"nuts_seeds","DEU","2018",0.529801324503311
"nuts_seeds","ESP","2018",0.176
"nuts_seeds","FIN","2018",0.416666666666667
"nuts_seeds","FRA","2018",2.23463687150838
"nuts_seeds","GBR","2018",0.555956678700361
"nuts_seeds","GRC","2018",0.160493827160494
"nuts_seeds","IRL","2018",0.0666666666666667
"nuts_seeds","ITA","2018",0.0499040307101727
"nuts_seeds","LUX","2018",1
"nuts_seeds","NLD","2018",0.0476190476190476
"nuts_seeds","PRT","2018",0.102040816326531
"nuts_seeds","SWE","2018",0.09375
"nuts_seeds","AFG","2018",0.0423728813559322
"nuts_seeds","BFA","2018",0.143695014662757
"nuts_seeds","CAF","2018",0.647058823529412
"nuts_seeds","CMR","2018",0.0183246073298429
"nuts_seeds","COG","2018",0.117647058823529
"nuts_seeds","GMB","2018",0.186046511627907
"nuts_seeds","GNB","2018",1.81818181818182
"nuts_seeds","MLI","2018",0.188405797101449
"nuts_seeds","NER","2018",0.0686813186813187
"nuts_seeds","NGA","2018",0.257065948855989
"nuts_seeds","TCD","2018",0.249201277955272
"nuts_seeds","CAN","2018",2.38489208633094
"nuts_seeds","CHL","2018",0.372093023255814
"nuts_seeds","URY","2018",0.333333333333333
"nuts_seeds","USA","2018",0.200257981296356
"nuts_seeds","BEN","2018",0.0359281437125748
"nuts_seeds","GIN","2018",0.453488372093023
"nuts_seeds","MDG","2018",0.4
"nuts_seeds","MOZ","2018",0.166666666666667
"nuts_seeds","MWI","2018",0.294117647058824
"nuts_seeds","SEN","2018",0.258064516129032
"nuts_seeds","TGO","2018",0.195652173913043
"nuts_seeds","TZA","2018",0.168085106382979
"nuts_seeds","UGA","2018",0.0841423948220065
"nuts_seeds","ZMB","2018",0.135338345864662
"nuts_seeds","AGO","2018",0.072
"nuts_seeds","BRA","2018",0.0383480825958702
"nuts_seeds","LKA","2018",0.0454545454545455
"nuts_seeds","KEN","2018",0.0769230769230769
"nuts_seeds","HIC","2018",0.406336853807671
"nuts_seeds","LIC","2018",0.211312700106724
"nuts_seeds","LMC","2018",0.651690929451288
"nuts_seeds","UMC","2018",0.62287728292214
"legumes","ARE","2018",0.0135135135135135
"legumes","DZA","2018",0.021671826625387
"legumes","EGY","2018",0.122448979591837
"legumes","JOR","2018",0.015625
"legumes","MAR","2018",0.0681818181818182
"legumes","MRT","2018",0.0930232558139535
"legumes","SAU","2018",0.0279329608938547
"legumes","SDN","2018",0.0398860398860399
"legumes","TUN","2018",0.051948051948052
"legumes","YEM","2018",0.0380952380952381
"legumes","BGR","2018",0.533333333333333
"legumes","CZE","2018",0.181818181818182
"legumes","EST","2018",0.571428571428571
"legumes","HUN","2018",0.1
"legumes","LTU","2018",4.76923076923077
"legumes","POL","2018",0.295081967213115
"legumes","ROU","2018",0.195652173913043
"legumes","SVK","2018",0.142857142857143
"legumes","CHN","2018",0.105887939221273
"legumes","IDN","2018",0.116182572614108
"legumes","KHM","2018",0.0449438202247191
"legumes","MMR","2018",0.427769985974755
"legumes","PHL","2018",0.0326797385620915
"legumes","PRK","2018",0.0545454545454545
"legumes","THA","2018",0.0529100529100529
"legumes","TLS","2018",0.125
"legumes","VNM","2018",0.0622568093385214
"legumes","ARG","2018",0.133333333333333
"legumes","BGD","2018",0.0163230240549828
"legumes","BOL","2018",0.125
"legumes","DOM","2018",0.0416666666666667
"legumes","ECU","2018",0.0285714285714286
"legumes","ETH","2018",0.107350096711799
"legumes","GHA","2018",0.045
"legumes","GTM","2018",0.160919540229885
"legumes","HND","2018",0.0504201680672269
"legumes","HTI","2018",0.0533980582524272
"legumes","IND","2018",0.0446700991609458
"legumes","IRN","2018",0.0442176870748299
"legumes","ISR","2018",0.0196078431372549
"legumes","MEX","2018",0.0537634408602151
"legumes","NAM","2018",0.05
"legumes","NIC","2018",0.0941176470588235
"legumes","NPL","2018",0.0481586402266289
"legumes","PAK","2018",0.0211148648648649
"legumes","PER","2018",0.0698529411764706
"legumes","PRY","2018",0.0597014925373134
"legumes","RWA","2018",0.0495867768595041
"legumes","SLV","2018",0.036697247706422
"legumes","TJK","2018",0.0769230769230769
"legumes","TUR","2018",0.0354808590102708
"legumes","UZB","2018",3
"legumes","VEN","2018",0.0204081632653061
"legumes","ZAF","2018",0.0444444444444444
"legumes","ZWE","2018",0.0454545454545455
"legumes","AUS","2018",2.6551724137931
"legumes","JPN","2018",0.016304347826087
"legumes","NZL","2018",0.0588235294117647
"legumes","ALB","2018",0.411764705882353
"legumes","AZE","2018",0.333333333333333
"legumes","BIH","2018",0.0476190476190476
"legumes","KAZ","2018",3.44444444444444
"legumes","KGZ","2018",0.454545454545455
"legumes","MDA","2018",1
"legumes","RUS","2018",0.579387186629526
"legumes","SRB","2018",0.2
"legumes","UKR","2018",0.723076923076923
"legumes","AUT","2018",0.125
"legumes","CHE","2018",0.0625
"legumes","DEU","2018",0.283582089552239
"legumes","DNK","2018",0.666666666666667
"legumes","ESP","2018",0.120622568093385
"legumes","FIN","2018",0.166666666666667
"legumes","FRA","2018",0.347826086956522
"legumes","GBR","2018",0.187192118226601
"legumes","GRC","2018",0.08
"legumes","IRL","2018",0.0769230769230769
"legumes","ITA","2018",0.0284810126582278
"legumes","NOR","2018",0.0789473684210526
"legumes","SWE","2018",0.235294117647059
"legumes","AFG","2018",0.0357142857142857
"legumes","BFA","2018",0.213414634146341
"legumes","CAF","2018",0.0487804878048781
"legumes","CMR","2018",0.125673249551167
"legumes","MLI","2018",0.0523560209424084
"legumes","NER","2018",0.774683544303797
"legumes","NGA","2018",0.12696335078534
"legumes","TCD","2018",0.183673469387755
"legumes","CAN","2018",0.327944572748268
"legumes","CHL","2018",0.0422535211267606
"legumes","USA","2018",0.0635313531353135
"legumes","BEN","2018",0.107438016528926
"legumes","GIN","2018",0.06
"legumes","MDG","2018",0.183098591549296
"legumes","MOZ","2018",0.0656370656370656
"legumes","MWI","2018",0.205188679245283
"legumes","SLE","2018",0.10958904109589
"legumes","TGO","2018",0.153153153153153
"legumes","TZA","2018",0.0730240549828179
"legumes","UGA","2018",0.0463768115942029
"legumes","ZMB","2018",0.04
"legumes","AGO","2018",0.0597609561752988
"legumes","BRA","2018",0.0486944248412138
"legumes","COL","2018",0.0277777777777778
"legumes","CRI","2018",0.0181818181818182
"legumes","LKA","2018",0.0358744394618834
"legumes","KEN","2018",0.213349225268176
"legumes","CUB","2018",0.0355555555555556
"legumes","HIC","2018",0.12781954887218
"legumes","LIC","2018",0.114520958083832
"legumes","LMC","2018",0.06012688802293
"legumes","UMC","2018",0.0882806476484194
"milk","ARE","2018",0.0326975476839237
"milk","DJI","2018",0.05
"milk","DZA","2018",0.0546697038724374
"milk","EGY","2018",0.0911958703756811
"milk","IRQ","2018",0.017293997965412
"milk","JOR","2018",0.0501138952164009
"milk","LBN","2018",0.0469483568075117
"milk","MAR","2018",0.175339366515837
"milk","MRT","2018",0.129943502824859
"milk","OMN","2018",0.01875
"milk","SAU","2018",0.0855072463768116
"milk","SDN","2018",0.120382330147249
"milk","TUN","2018",0.0411089866156788
"milk","YEM","2018",0.0827067669172932
"milk","BGR","2018",0.018018018018018
"milk","CZE","2018",0.0610298792116974
"milk","HRV","2018",0.00878155872667398
"milk","HUN","2018",0.0250458155161882
"milk","LTU","2018",0.0628930817610063
"milk","LVA","2018",0.00623052959501558
"milk","POL","2018",0.043187820413236
"milk","ROU","2018",0.00564236111111111
"milk","SVN","2018",0.0381944444444444
"milk","DMA","2018",0.2
"milk","JAM","2018",0.00476190476190476
"milk","CHN","2018",0.0314888322767937
"milk","IDN","2018",0.0411067193675889
"milk","KHM","2018",0.0384615384615385
"milk","MMR","2018",0.103416435826408
"milk","MNG","2018",0.0309653916211293
"milk","MYS","2018",0.0253164556962025
"milk","PRK","2018",0.0933333333333333
"milk","THA","2018",0.0185528756957328
"milk","VNM","2018",0.0407055630936228
"milk","ARG","2018",0.0117531831537708
"milk","BGD","2018",0.0555162659123055
"milk","BOL","2018",0.116228070175439
"milk","BWA","2018",0.0625
"milk","DOM","2018",0.0511111111111111
"milk","ECU","2018",0.0188794153471376
"milk","ETH","2018",0.026614735475495
"milk","GAB","2018",0.0476190476190476
"milk","GHA","2018",0.0655737704918033
"milk","HTI","2018",0.08
"milk","IND","2018",0.015666606879234
"milk","IRN","2018",0.206263498920086
"milk","ISR","2018",0.00734802939211757
"milk","LSO","2018",0.109090909090909
"milk","MEX","2018",0.0938330903164937
"milk","NAM","2018",0.0806451612903226
"milk","NIC","2018",0.0949367088607595
"milk","NPL","2018",0.066079295154185
"milk","PAK","2018",0.100397828073759
"milk","PER","2018",0.0239043824701195
"milk","PRY","2018",0.054140127388535
"milk","RWA","2018",0.128491620111732
"milk","SLV","2018",0.0484140233722871
"milk","TKM","2018",0.0123287671232877
"milk","TUR","2018",0.0711931896196622
"milk","UZB","2018",0.00354490209318028
"milk","VEN","2018",0.00648907103825137
"milk","ZWE","2018",0.11890243902439
"milk","KOR","2018",0.0961887477313975
"milk","NZL","2018",0.345718901453958
"milk","ALB","2018",0.0930996714129244
"milk","BIH","2018",0.0950155763239875
"milk","BLR","2018",0.00134770889487871
"milk","KAZ","2018",0.00703205791106515
"milk","KGZ","2018",0.0129345189975748
"milk","MDA","2018",0.00253164556962025
"milk","MNE","2018",0.0562770562770563
"milk","RUS","2018",0.00149867053420353
"milk","SRB","2018",0.0215277777777778
"milk","UKR","2018",0.0011014948859166
"milk","AUT","2018",0.0233812949640288
"milk","CYP","2018",0.210526315789474
"milk","DEU","2018",0.00260233506822338
"milk","FRA","2018",0.00452269423356485
"milk","GRC","2018",0.0107655502392345
"milk","NOR","2018",0.00556173526140156
"milk","PRT","2018",0.00139275766016713
"milk","MLT","2018",0.0833333333333333
"milk","AFG","2018",0.0523636363636364
"milk","BFA","2018",0.0675675675675676
"milk","CAF","2018",0.0933333333333333
"milk","CMR","2018",0.0929203539823009
"milk","GMB","2018",0.127272727272727
"milk","GNB","2018",0.272727272727273
"milk","LBR","2018",0.0833333333333333
"milk","MLI","2018",0.027027027027027
"milk","NER","2018",0.0824742268041237
"milk","NGA","2018",0.192771084337349
"milk","TCD","2018",0.106194690265487
"milk","CHL","2018",0.0138888888888889
"milk","URY","2018",0.180165289256198
"milk","BEN","2018",0.099236641221374
"milk","GIN","2018",0.0666666666666667
"milk","MDG","2018",0.0933333333333333
"milk","MOZ","2018",0.282894736842105
"milk","MWI","2018",0.087719298245614
"milk","SEN","2018",0.1
"milk","SLE","2018",0.3
"milk","TGO","2018",0.235294117647059
"milk","TZA","2018",0.0198915009041591
"milk","UGA","2018",0.0470016207455429
"milk","ZMB","2018",0.171232876712329
"milk","AGO","2018",0.091324200913242
"milk","BRA","2018",0.0574728123632201
"milk","COL","2018",0.109753655117164
"milk","CRI","2018",0.0760157273918742
"milk","LKA","2018",0.0902527075812274
"milk","KEN","2018",0.126713214378071
"milk","CUB","2018",0.0552016985138004
"milk","HIC","2018",0.00418791565199349
"milk","LIC","2018",0.0530723568105246
"milk","LMC","2018",0.0361014604645178
"milk","UMC","2018",0.0440335841307847
"eggs","ARE","2018",0.0390625
"eggs","DZA","2018",0.0318021201413428
"eggs","EGY","2018",0.0513447432762836
"eggs","IRQ","2018",0.0114942528735632
"eggs","JOR","2018",0.138888888888889
"eggs","KWT","2018",0.133333333333333
"eggs","LBN","2018",0.111111111111111
"eggs","MAR","2018",0.0761904761904762
"eggs","MRT","2018",0.111111111111111
"eggs","OMN","2018",0.0465116279069767
"eggs","SAU","2018",0.0568181818181818
"eggs","SDN","2018",0.132075471698113
"eggs","TUN","2018",0.0470588235294118
"eggs","YEM","2018",0.0434782608695652
"eggs","BGR","2018",0.11864406779661
"eggs","CZE","2018",0.0212765957446809
"eggs","EST","2018",0.0588235294117647
"eggs","HRV","2018",0.0888888888888889
"eggs","HUN","2018",0.0149253731343284
"eggs","LVA","2018",0.16
"eggs","POL","2018",0.0056980056980057
"eggs","ROU","2018",0.036144578313253
"eggs","SVK","2018",0.0289855072463768
"eggs","SVN","2018",0.1
"eggs","JAM","2018",0.125
"eggs","CHN","2018",0.0555459121680264
"eggs","FJI","2018",0.166666666666667
"eggs","IDN","2018",0.0873493975903614
"eggs","KHM","2018",0.105263157894737
"eggs","LAO","2018",0.0769230769230769
"eggs","MMR","2018",0.0628683693516699
"eggs","MNG","2018",0.0625
"eggs","MYS","2018",0.0567375886524823
"eggs","PHL","2018",0.0388548057259714
"eggs","PNG","2018",0.25
"eggs","PRK","2018",0.0956521739130435
"eggs","THA","2018",0.0991636798088411
"eggs","VNM","2018",0.107942973523422
"eggs","ARG","2018",0.0575035063113604
"eggs","BGD","2018",0.121575342465753
"eggs","BOL","2018",0.119047619047619
"eggs","DOM","2018",0.123893805309735
"eggs","ECU","2018",0.105691056910569
"eggs","ETH","2018",0.116279069767442
"eggs","GHA","2018",0.133333333333333
"eggs","GTM","2018",0.0230769230769231
"eggs","HND","2018",0.024390243902439
"eggs","IND","2018",0.118740086109223
"eggs","IRN","2018",0.121042830540037
"eggs","ISR","2018",0.121739130434783
"eggs","MEX","2018",0.102994011976048
"eggs","NIC","2018",0.0294117647058824
"eggs","NPL","2018",0.0298507462686567
"eggs","PAK","2018",0.11048951048951
"eggs","PAN","2018",0.0769230769230769
"eggs","PER","2018",0.192771084337349
"eggs","PRY","2018",0.0232558139534884
"eggs","RWA","2018",0.2
"eggs","SLV","2018",0.0350877192982456
"eggs","TJK","2018",0.111111111111111
"eggs","TKM","2018",0.111111111111111
"eggs","TUR","2018",0.0670391061452514
"eggs","UZB","2018",0.0373831775700935
"eggs","VEN","2018",0.125
"eggs","ZAF","2018",0.12094395280236
"eggs","ZWE","2018",0.1
"eggs","AUS","2018",0.0144230769230769
"eggs","JPN","2018",0.0209984152139461
"eggs","KOR","2018",0.0589123867069486
"eggs","NZL","2018",0.0377358490566038
"eggs","ALB","2018",0.181818181818182
"eggs","ARM","2018",0.0294117647058824
"eggs","AZE","2018",0.111111111111111
"eggs","BIH","2018",0.111111111111111
"eggs","BLR","2018",0.136363636363636
"eggs","GEO","2018",0.117647058823529
"eggs","KAZ","2018",0.228187919463087
"eggs","KGZ","2018",0.115384615384615
"eggs","RUS","2018",0.0020755500207555
"eggs","UKR","2018",0.00308641975308642
"eggs","AUT","2018",0.0808823529411765
"eggs","BEL","2018",0.0481927710843374
"eggs","CHE","2018",0.0581395348837209
"eggs","CYP","2018",0.111111111111111
"eggs","DEU","2018",0.00728597449908925
"eggs","DNK","2018",0.010989010989011
"eggs","ESP","2018",0.0255255255255255
"eggs","FIN","2018",0.0169491525423729
"eggs","FRA","2018",0.0102040816326531
"eggs","GBR","2018",0.00664010624169987
"eggs","GRC","2018",0.0198019801980198
"eggs","IRL","2018",0.102564102564103
"eggs","ITA","2018",0.00280898876404494
"eggs","NLD","2018",0.00666666666666667
"eggs","NOR","2018",0.015625
"eggs","PRT","2018",0.0275229357798165
"eggs","SWE","2018",0.0241935483870968
"eggs","AFG","2018",0.105263157894737
"eggs","BFA","2018",0.266666666666667
"eggs","CMR","2018",0.181818181818182
"eggs","LBR","2018",0.111111111111111
"eggs","MLI","2018",0.461538461538462
"eggs","NER","2018",0.4
"eggs","NGA","2018",0.0735042735042735
"eggs","TCD","2018",0.166666666666667
"eggs","CAN","2018",0.0198198198198198
"eggs","CHL","2018",0.110552763819095
"eggs","URY","2018",0.05
"eggs","USA","2018",0.0247029983028474
"eggs","BEN","2018",0.0909090909090909
"eggs","GIN","2018",0.19047619047619
"eggs","MDG","2018",0.1875
"eggs","MOZ","2018",0.0769230769230769
"eggs","MWI","2018",0.105263157894737
"eggs","SLE","2018",0.166666666666667
"eggs","TGO","2018",0.285714285714286
"eggs","TZA","2018",0.0344827586206897
"eggs","UGA","2018",0.205882352941176
"eggs","ZMB","2018",0.0862068965517241
"eggs","BRA","2018",0.0396966993755575
"eggs","COL","2018",0.100574712643678
"eggs","CRI","2018",0.0178571428571429
"eggs","LKA","2018",0.116279069767442
"eggs","KEN","2018",0.125
"eggs","CUB","2018",0.0530973451327434
"eggs","HIC","2018",0.0242836952332006
"eggs","LIC","2018",0.096189419163892
"eggs","LMC","2018",0.0657593611530408
"eggs","UMC","2018",0.0632211158526948
"sugar","BGR","2018",0.00409836065573771
"sugar","HUN","2018",0.0125944584382872
"sugar","POL","2018",0.00056980056980057
"sugar","ROU","2018",0.00884955752212389
"sugar","CHN","2018",0.00194437399611125
"sugar","MMR","2018",0.017725258493353
"sugar","THA","2018",0.000361794500723589
"sugar","VNM","2018",0.000850340136054422
"sugar","ARG","2018",0.00192400192400192
"sugar","BGD","2018",0.0097629009762901
"sugar","DOM","2018",0.0447058823529412
"sugar","ETH","2018",0.00214822771213749
"sugar","IND","2018",6.34719136781974E-5
"sugar","IRN","2018",0.00148533234311177
"sugar","MEX","2018",0.000508216161273928
"sugar","PAN","2018",0.00442477876106195
"sugar","PER","2018",0.0355677154582763
"sugar","TUR","2018",0.0019105846388995
"sugar","UZB","2018",0.00289017341040462
"sugar","VEN","2018",0.00907911802853437
"sugar","AUS","2018",0.000696378830083565
"sugar","KOR","2018",0.000487567040468064
"sugar","NZL","2018",0.00367647058823529
"sugar","RUS","2018",0.000270197243988111
"sugar","SRB","2018",0.00440528634361234
"sugar","UKR","2018",0.00134093194770365
"sugar","DEU","2018",0.000272479564032698
"sugar","ESP","2018",0.00128865979381443
"sugar","FRA","2018",0.000350631136044881
"sugar","GBR","2018",0.000391696043869957
"sugar","GRC","2018",0.00290697674418605
"sugar","ITA","2018",0.00050251256281407
"sugar","PRT","2018",0.00258397932816537
"sugar","CAF","2018",0.03125
"sugar","MLI","2018",0.00492610837438424
"sugar","CAN","2018",0.000591715976331361
"sugar","CHL","2018",0.00114942528735632
"sugar","URY","2018",0.00537634408602151
"sugar","USA","2018",9.5229025807066E-5
"sugar","TZA","2018",0.00315457413249211
"sugar","AGO","2018",0.00159235668789809
"sugar","BRA","2018",0.000224492086653945
"sugar","COL","2018",0.00820344544708778
"sugar","KEN","2018",0.001085776330076
"sugar","HIC","2018",0.000378658790563823
"sugar","LIC","2018",0.00335402840219796
"sugar","LMC","2018",0.000436784764947399
"sugar","UMC","2018",0.00224476052486582
"poultry","HUN","2018",0.0647773279352227
"poultry","POL","2018",0.0233766233766234
"poultry","MMR","2018",0.0332693538067818
"poultry","THA","2018",0.0380021715526602
"poultry","GTM","2018",0.0628930817610063
"poultry","PAN","2018",0.0704225352112676
"poultry","PER","2018",0.811494252873563
"poultry","TKM","2018",0.0740740740740741
"poultry","JPN","2018",0.0234505862646566
"poultry","RUS","2018",0.00109577032653956
"poultry","CYP","2018",0.0666666666666667
"poultry","TCD","2018",0.142857142857143
"poultry","HIC","2018",0.00197628458498024
"poultry","LIC","2018",0.00978401329148976
"poultry","LMC","2018",0.00145847193081214
"poultry","UMC","2018",0.011723503398332
"beef","ARE","2018",0.0172741654548651
"beef","DZA","2018",0.00336786361313699
"beef","EGY","2018",0.0029096958812363
"beef","IRQ","2018",0.00581076850837377
"beef","JOR","2018",0.00929800092980009
"beef","MAR","2018",0.0111157987416769
"beef","MRT","2018",0.00961913713591566
"beef","OMN","2018",0.00949750909655884
"beef","SAU","2018",0.0314285714285714
"beef","SDN","2018",0.13179432354238
"beef","TUN","2018",0.00702118322894642
"beef","YEM","2018",0.00690335305719921
"beef","BGR","2018",0.00998112452096322
"beef","CZE","2018",0.00458833910269463
"beef","HRV","2018",0.009702212579616
"beef","HUN","2018",0.0288443334906768
"beef","LTU","2018",0.0704290602790208
"beef","LVA","2018",0.0142889917408132
"beef","POL","2018",0.0115001277791975
"beef","ROU","2018",0.0880471810619231
"beef","SVN","2018",0.0133240869163199
"beef","CHN","2018",0.0015625263834541
"beef","IDN","2018",0.00557062176125007
"beef","KHM","2018",0.0142766603288969
"beef","LAO","2018",0.00796444019114657
"beef","MMR","2018",0.0133747083303264
"beef","MNG","2018",0.0183483652467868
"beef","MYS","2018",0.00262212250556346
"beef","PHL","2018",0.016198529830639
"beef","PNG","2018",0.0115204013182839
"beef","PRK","2018",0.0084585917903047
"beef","THA","2018",0.0119177070643182
"beef","VNM","2018",0.0111774225525896
"beef","ARG","2018",0.0727646643053099
"beef","BGD","2018",0.0524935569923588
"beef","BOL","2018",0.00967614829445417
"beef","DOM","2018",0.00629872203533946
"beef","ECU","2018",0.0138431647388326
"beef","ETH","2018",0.011243276005758
"beef","GHA","2018",0.00736746402482992
"beef","GTM","2018",0.00736548834102669
"beef","HND","2018",0.00953228266395526
"beef","HTI","2018",0.0100599433868014
"beef","IND","2018",0.00329761388041781
"beef","IRN","2018",0.0103784620526487
"beef","ISR","2018",0.0072074343739986
"beef","MEX","2018",0.0101103648514425
"beef","NIC","2018",0.0483791535096613
"beef","NPL","2018",0.0099046763546536
"beef","PAK","2018",0.00404565729838328
"beef","PAN","2018",0.051353649315567
"beef","PER","2018",0.318766840938472
"beef","PRY","2018",0.0262387948207171
"beef","RWA","2018",0.0150889453621347
"beef","TJK","2018",0.00880563560678835
"beef","TKM","2018",0.093190241034907
"beef","TUR","2018",0.00540591340731903
"beef","UZB","2018",0.0107630978505212
"beef","VEN","2018",0.0493649992181071
"beef","ZAF","2018",0.0172388806754002
"beef","ZWE","2018",0.011612339134949
"beef","AUS","2018",0.0085706803133205
"beef","JPN","2018",0.0227168595798642
"beef","KOR","2018",0.00843311458306147
"beef","NZL","2018",0.0527572383073497
"beef","ALB","2018",0.0106238536480789
"beef","ARM","2018",0.0110308816516457
"beef","AZE","2018",0.0175304454206751
"beef","BLR","2018",0.0235481734907847
"beef","GEO","2018",0.0165764635134782
"beef","KAZ","2018",0.047241175793171
"beef","KGZ","2018",0.0111567596556248
"beef","MDA","2018",0.0167016235531733
"beef","RUS","2018",0.00110542811269055
"beef","SRB","2018",0.0104075537723612
"beef","UKR","2018",0.0082598614365235
"beef","AUT","2018",0.0067842605156038
"beef","BEL","2018",0.019364450884748
"beef","CHE","2018",0.00892262711788602
"beef","DEU","2018",0.0136563124341355
"beef","DNK","2018",0.0257698556549995
"beef","ESP","2018",0.0171754849805224
"beef","FIN","2018",0.00403883319241454
"beef","FRA","2018",0.0133723710913768
"beef","GBR","2018",0.00428223844282238
"beef","GRC","2018",0.00221955787199889
"beef","IRL","2018",0.0482444143899436
"beef","ITA","2018",0.00571393068348077
"beef","NLD","2018",0.0131192466637027
"beef","NOR","2018",0.00490286987239212
"beef","PRT","2018",0.00972791543533572
"beef","SWE","2018",0.00463548424181708
"beef","AFG","2018",0.00848626534190532
"beef","BFA","2018",0.0139395453409943
"beef","CAF","2018",0.0135069643317955
"beef","CMR","2018",0.0128041462501051
"beef","MLI","2018",0.0138804431166222
"beef","NER","2018",0.00752406403237942
"beef","NGA","2018",0.00926050881609746
"beef","TCD","2018",0.358113547115411
"beef","CAN","2018",0.00189875724282297
"beef","CHL","2018",0.00807332803085122
"beef","URY","2018",0.060517493337918
"beef","USA","2018",0.00824653364153972
"beef","BEN","2018",0.0157662685567586
"beef","GIN","2018",0.0137401552495892
"beef","MDG","2018",0.0147768311332991
"beef","MOZ","2018",0.00733460466480857
"beef","MWI","2018",0.0124326960779626
"beef","SEN","2018",0.0109674407617591
"beef","TZA","2018",0.0108671381447762
"beef","UGA","2018",0.0111343891469007
"beef","ZMB","2018",0.0121132215401096
"beef","AGO","2018",0.00581832630876864
"beef","BRA","2018",0.0134856594257566
"beef","COL","2018",0.0301673862424997
"beef","CRI","2018",0.00913432904201219
"beef","KEN","2018",0.0152371434322646
"beef","CUB","2018",0.00808415264041979
"beef","HIC","2018",0.00997392959568283
"beef","LIC","2018",0.0188921902621119
"beef","LMC","2018",0.0077708353089463
"beef","UMC","2018",0.0243808596585325
"lamb","ARE","2018",0.0538955916420571
"lamb","DZA","2018",0.00324265198537048
"lamb","EGY","2018",0.00138982763211409
"lamb","IRQ","2018",0.00563922245073973
"lamb","JOR","2018",0.00920821301003158
"lamb","MAR","2018",0.00859064215622827
"lamb","MRT","2018",0.0067752640099907
"lamb","OMN","2018",0.0478879665279416
"lamb","SAU","2018",0.025
"lamb","SDN","2018",0.117968343441879
"lamb","TUN","2018",0.00678079146287239
"lamb","YEM","2018",0.00684446725933531
"lamb","BGR","2018",0.0070253662557608
"lamb","CZE","2018",0.000331926104950885
"lamb","HRV","2018",0.0056566490469693
"lamb","HUN","2018",0.00203884682823395
"lamb","LTU","2018",0.00520776230676461
"lamb","LVA","2018",0.005619971604354
"lamb","POL","2018",0.202129120879121
"lamb","ROU","2018",0.0176197739067915
"lamb","SVN","2018",0.0084888024112014
"lamb","CHN","2018",0.00125537107826822
"lamb","IDN","2018",0.005474680904313
"lamb","LAO","2018",0.00793920834751049
"lamb","MMR","2018",0.0133075300615365
"lamb","MNG","2018",0.0156492890995261
"lamb","MYS","2018",0.00266429840142096
"lamb","PHL","2018",0.0161870658045015
"lamb","PNG","2018",0.000438060224963333
"lamb","PRK","2018",0.000891988789715082
"lamb","THA","2018",0.0134005145797599
"lamb","VNM","2018",0.00689522606995039
"lamb","ARG","2018",0.100010559016567
"lamb","BGD","2018",0.0523666075186729
"lamb","BOL","2018",0.00621120001024528
"lamb","DOM","2018",0.00692201199815413
"lamb","ECU","2018",0.0114664288444388
"lamb","ETH","2018",0.00728859632636409
"lamb","GHA","2018",0.00337883784978409
"lamb","GTM","2018",0.00347314987977558
"lamb","HND","2018",0.0833333333333333
"lamb","HTI","2018",0.00627835385612443
"lamb","IND","2018",0.00330359406101053
"lamb","IRN","2018",0.0101044664962461
"lamb","ISR","2018",0.00709935057077165
"lamb","MEX","2018",0.00641495725856155
"lamb","NIC","2018",0.00139140114094894
"lamb","NPL","2018",0.00987488159285498
"lamb","PAK","2018",0.00405223006882975
"lamb","PER","2018",0.224418449197861
"lamb","PRY","2018",0.0178787146653781
"lamb","RWA","2018",0.00780082622835545
"lamb","TJK","2018",0.00885548092073308
"lamb","TKM","2018",0.0922983444128007
"lamb","TUR","2018",0.00539295507652828
"lamb","UZB","2018",0.0105378187811502
"lamb","VEN","2018",0.00152185619629604
"lamb","ZAF","2018",0.0144605105991398
"lamb","ZWE","2018",0.00420529801324503
"lamb","AUS","2018",0.0077681219168506
"lamb","JPN","2018",0.00156817647212566
"lamb","KOR","2018",0.00483237782911036
"lamb","NZL","2018",0.0466006408002706
"lamb","ALB","2018",0.0108480378984663
"lamb","ARM","2018",0.0105765303145241
"lamb","AZE","2018",0.0175349909955452
"lamb","BLR","2018",0.00697261663286004
"lamb","GEO","2018",0.0135997313633311
"lamb","KAZ","2018",0.00406521930210073
"lamb","KGZ","2018",0.0903721870546515
"lamb","MDA","2018",0.00799302426972824
"lamb","RUS","2018",6.05531297516782E-5
"lamb","SRB","2018",0.00970533831667567
"lamb","UKR","2018",0.00244614655475546
"lamb","AUT","2018",0.00321507135202211
"lamb","BEL","2018",0.00829845313921747
"lamb","CHE","2018",0.00483466322868393
"lamb","CYP","2018",0.134697927724189
"lamb","DEU","2018",0.00314458173228105
"lamb","DNK","2018",0.010533330467121
"lamb","ESP","2018",0.00989973105242489
"lamb","FIN","2018",0.00131816289718329
"lamb","FRA","2018",0.00984659305540234
"lamb","GBR","2018",0.00357525614095254
"lamb","GRC","2018",0.00176955019846145
"lamb","IRL","2018",0.0467076565047923
"lamb","ITA","2018",0.0208619374193721
"lamb","NLD","2018",0.00413618594994404
"lamb","NOR","2018",0.00394239884436553
"lamb","PRT","2018",0.0065695602412386
"lamb","SWE","2018",0.00233121969414398
"lamb","AFG","2018",0.00799781281777853
"lamb","BFA","2018",0.0113908354240563
"lamb","CAF","2018",0.00798559360117941
"lamb","CMR","2018",0.00403815219495264
"lamb","MLI","2018",0.0107169253510717
"lamb","NER","2018",0.00379361325708289
"lamb","NGA","2018",0.00645597898270641
"lamb","TCD","2018",0.423901203995993
"lamb","CAN","2018",0.00183532046425574
"lamb","CHL","2018",0.0036754677552832
"lamb","URY","2018",0.0360264900662252
"lamb","USA","2018",0.00329414650939178
"lamb","BEN","2018",0.00869241276542903
"lamb","GIN","2018",0.011518447056072
"lamb","MDG","2018",0.00968811715169355
"lamb","MOZ","2018",0.00746596398770312
"lamb","MWI","2018",0.0122768485667624
"lamb","SEN","2018",0.00922613501318238
"lamb","TZA","2018",0.00795447012812379
"lamb","UGA","2018",0.0111940716196702
"lamb","ZMB","2018",0.00302915008194802
"lamb","AGO","2018",0.00454873245687025
"lamb","BRA","2018",0.00653656516382922
"lamb","COL","2018",0.00784731283389547
"lamb","CRI","2018",0.125
"lamb","KEN","2018",0.00666477241170585
"lamb","CUB","2018",0.00158791555546508
"lamb","HIC","2018",0.0118809182816817
"lamb","LIC","2018",0.0226436710893407
"lamb","LMC","2018",0.00907873647879596
"lamb","UMC","2018",0.0132636468098626
"pork","ARE","2018",0.00213997985901309
"pork","DZA","2018",0.0303030303030303
"pork","EGY","2018",0.00196078431372549
"pork","JOR","2018",0.0833333333333333
"pork","MAR","2018",0.0054013503375844
"pork","MRT","2018",0.0588235294117647
"pork","OMN","2018",0.0833333333333333
"pork","BGR","2018",0.00643912438171038
"pork","CZE","2018",0.00282184632404758
"pork","EST","2018",0.0756818057279543
"pork","HRV","2018",0.00604046637390676
"pork","HUN","2018",0.00335592384086205
"pork","LTU","2018",0.0476254215450339
"pork","LVA","2018",0.0421143641053444
"pork","POL","2018",0.00676601058195756
"pork","ROU","2018",0.0100580713293437
"pork","SVN","2018",0.00825836651839691
"pork","CHN","2018",0.00098100767908508
"pork","IDN","2018",0.00353584145297966
"pork","KHM","2018",0.00904846195659749
"pork","LAO","2018",0.00520907829916608
"pork","MMR","2018",0.0518321555351994
"pork","MNG","2018",0.0107149630191542
"pork","MYS","2018",0.00160424649624692
"pork","PHL","2018",0.0108683131152132
"pork","PNG","2018",0.00752119982460443
"pork","PRK","2018",0.00531256405001025
"pork","THA","2018",0.00766947407291681
"pork","VNM","2018",0.00731970007993368
"pork","ARG","2018",0.0102045897566598
"pork","BOL","2018",0.00610599718844562
"pork","DOM","2018",0.003914720565287
"pork","ECU","2018",0.00882524330370599
"pork","ETH","2018",0.00786369593709043
"pork","GHA","2018",0.00503827526948914
"pork","GTM","2018",0.0045795855804178
"pork","HND","2018",0.00599718960152564
"pork","HTI","2018",0.00655561969159726
"pork","IND","2018",0.00212183778300101
"pork","ISR","2018",0.00458187537754881
"pork","MEX","2018",0.00648720965389538
"pork","NIC","2018",0.0327806000191699
"pork","NPL","2018",0.00634297364645473
"pork","PAN","2018",0.0316943953899061
"pork","PER","2018",0.164461575285369
"pork","PRY","2018",0.0168790804380776
"pork","RWA","2018",0.0100475938656795
"pork","TJK","2018",0.00564102564102564
"pork","TKM","2018",0.00398751384553419
"pork","UZB","2018",0.00675079073947473
"pork","VEN","2018",0.00101571404547918
"pork","ZAF","2018",0.0111746953180401
"pork","ZWE","2018",0.00733998825601879
"pork","AUS","2018",0.00542351947017355
"pork","JPN","2018",0.0199338087684617
"pork","KOR","2018",0.00529823431033563
"pork","NZL","2018",0.0325538963845009
"pork","ALB","2018",0.00701961556124123
"pork","ARM","2018",0.00699295508028536
"pork","AZE","2018",0.0114797299736472
"pork","BLR","2018",0.011556177867786
"pork","GEO","2018",0.0103198826366288
"pork","KAZ","2018",0.00396890465684813
"pork","KGZ","2018",0.00705690286225874
"pork","MDA","2018",0.0105080607436649
"pork","RUS","2018",0.00110171986012226
"pork","SRB","2018",0.00648116630204048
"pork","UKR","2018",0.00353255587329418
"pork","AUT","2018",0.00415807185521925
"pork","BEL","2018",0.012419514554689
"pork","CHE","2018",0.0054835441857332
"pork","CYP","2018",0.083346124876398
"pork","DEU","2018",0.00593860962302201
"pork","DNK","2018",0.0164318959460007
"pork","ESP","2018",0.0105554285395947
"pork","FIN","2018",0.00247284074223276
"pork","FRA","2018",0.00842694353726618
"pork","GBR","2018",0.00261732531049603
"pork","GRC","2018",0.00137115955131172
"pork","IRL","2018",0.0292793614670864
"pork","ITA","2018",0.00350481207933791
"pork","NLD","2018",0.00794851101724928
"pork","NOR","2018",0.00298943766865672
"pork","PRT","2018",0.00606595761568378
"pork","SWE","2018",0.00279763473249318
"pork","AFG","2018",0.0517241379310345
"pork","BFA","2018",0.00892145929584196
"pork","CAF","2018",0.00874848116646416
"pork","CMR","2018",0.00816326530612245
"pork","MLI","2018",0.00806080147397513
"pork","NER","2018",0.00383141762452107
"pork","NGA","2018",0.00581360092595766
"pork","TCD","2018",0.0199814986123959
"pork","CAN","2018",0.194088427637561
"pork","CHL","2018",0.00487330916188834
"pork","URY","2018",0.0365441906653426
"pork","USA","2018",0.00496060250829923
"pork","BEN","2018",0.0100261551874455
"pork","GIN","2018",0.00874476225177628
"pork","MDG","2018",0.00944946589975349
"pork","MOZ","2018",0.00466906160389728
"pork","MWI","2018",0.00790490994296677
"pork","SEN","2018",0.0069117923641151
"pork","TZA","2018",0.0069071373752878
"pork","UGA","2018",0.00708649263051542
"pork","ZMB","2018",0.00753101004134672
"pork","AGO","2018",0.00379420675595322
"pork","BRA","2018",0.00824635380973363
"pork","COL","2018",0.00729382078766397
"pork","CRI","2018",0.00567123287671233
"pork","KEN","2018",0.00978003680659013
"pork","CUB","2018",0.00511429175443286
"pork","HIC","2018",0.0121865753244752
"pork","LIC","2018",0.0125831601468898
"pork","LMC","2018",0.00165381414320975
"pork","UMC","2018",0.00818561788622452
"wheat","ARE","2018",0.0968688845401174
"wheat","DZA","2018",0.111353431686979
"wheat","EGY","2018",0.126184293634641
"wheat","IRQ","2018",0.0631768953068592
"wheat","JOR","2018",0.0543478260869565
"wheat","LBN","2018",0.0247191011235955
"wheat","MAR","2018",0.0511756569847856
"wheat","MRT","2018",0.0424710424710425
"wheat","SAU","2018",0.0103489059727972
"wheat","SDN","2018",0.0188087774294671
"wheat","TUN","2018",0.103389103389103
"wheat","YEM","2018",0.0267273244242252
"wheat","BGR","2018",0.305232558139535
"wheat","CZE","2018",0.0333333333333333
"wheat","EST","2018",0.037037037037037
"wheat","HRV","2018",0.0887728459530026
"wheat","HUN","2018",0.0893697083725306
"wheat","LTU","2018",0.0654761904761905
"wheat","LVA","2018",0.0583333333333333
"wheat","POL","2018",0.0729475766567755
"wheat","ROU","2018",0.00877893056664006
"wheat","SVK","2018",0.0686274509803922
"wheat","SVN","2018",0.355769230769231
"wheat","GUY","2018",0.0217391304347826
"wheat","SUR","2018",0.0294117647058824
"wheat","TTO","2018",0.0310077519379845
"wheat","VCT","2018",0.111111111111111
"wheat","CHN","2018",0.0308942396779587
"wheat","MMR","2018",0.0498960498960499
"wheat","MNG","2018",0.0196078431372549
"wheat","PRK","2018",0.03420523138833
"wheat","VNM","2018",0.0324723247232472
"wheat","ARG","2018",0.0700354609929078
"wheat","BGD","2018",0.0789910388317292
"wheat","BOL","2018",0.0219092331768388
"wheat","BWA","2018",0.0714285714285714
"wheat","DOM","2018",0.0357142857142857
"wheat","ECU","2018",0.0203720106288751
"wheat","ETH","2018",0.0421792618629174
"wheat","GAB","2018",0.0491803278688525
"wheat","GTM","2018",0.00151285930408472
"wheat","IND","2018",0.0716911544586941
"wheat","IRN","2018",0.0538863487916394
"wheat","ISR","2018",0.0815677966101695
"wheat","LSO","2018",0.0181818181818182
"wheat","MEX","2018",0.0508124838792881
"wheat","NIC","2018",0.0147783251231527
"wheat","NPL","2018",0.137614678899083
"wheat","PAK","2018",0.0270165460186143
"wheat","PAN","2018",0.0075187969924812
"wheat","PER","2018",0.0638057594579334
"wheat","PRY","2018",0.150684931506849
"wheat","SLV","2018",0.0262008733624454
"wheat","TJK","2018",0.09375
"wheat","TKM","2018",0.0696608615948671
"wheat","TUR","2018",0.151814946619217
"wheat","UZB","2018",0.0420081967213115
"wheat","VEN","2018",0.0224489795918367
"wheat","ZAF","2018",0.0248465361005554
"wheat","ZWE","2018",0.00335570469798658
"wheat","AUS","2018",0.111466666666667
"wheat","JPN","2018",0.0293852532900667
"wheat","KOR","2018",0.00874857360213009
"wheat","NZL","2018",0.0325581395348837
"wheat","ALB","2018",0.0694087403598972
"wheat","ARM","2018",0.0373831775700935
"wheat","AZE","2018",0.125945945945946
"wheat","BIH","2018",0.221052631578947
"wheat","BLR","2018",0.126717557251908
"wheat","GEO","2018",0.0180831826401447
"wheat","KAZ","2018",0.339297548045063
"wheat","KGZ","2018",0.00243605359317905
"wheat","MDA","2018",0.404580152671756
"wheat","MNE","2018",0.0266666666666667
"wheat","RUS","2018",0.0226939203354298
"wheat","SRB","2018",0.0757420675537359
"wheat","UKR","2018",0.100621367007416
"wheat","AUT","2018",0.0452127659574468
"wheat","BEL","2018",0.0283687943262411
"wheat","CHE","2018",0.00980392156862745
"wheat","CYP","2018",0.00699300699300699
"wheat","DEU","2018",0.0934188510875627
"wheat","DNK","2018",0.248979591836735
"wheat","ESP","2018",0.00779389478242044
"wheat","FIN","2018",0.0588235294117647
"wheat","FRA","2018",0.0419077002185371
"wheat","GBR","2018",0.0093831930453981
"wheat","GRC","2018",0.0367316341829085
"wheat","IRL","2018",0.0353634577603143
"wheat","ITA","2018",0.00555240793201133
"wheat","LUX","2018",0.0317460317460317
"wheat","NLD","2018",0.0179948586118252
"wheat","NOR","2018",0.0464646464646465
"wheat","PRT","2018",0.0043010752688172
"wheat","SWE","2018",0.0575221238938053
"wheat","MLT","2018",0.0338983050847458
"wheat","AFG","2018",0.0918955578162089
"wheat","CMR","2018",0.0358890701468189
"wheat","MLI","2018",0.0664556962025316
"wheat","NGA","2018",0.0195765081901718
"wheat","CAN","2018",0.00746268656716418
"wheat","CHL","2018",0.0336514314414867
"wheat","URY","2018",0.0529100529100529
"wheat","USA","2018",0.0879891427278896
"wheat","MOZ","2018",0.00148588410104012
"wheat","SEN","2018",0.00888888888888889
"wheat","TZA","2018",0.00308959835221421
"wheat","UGA","2018",0.0329489291598023
"wheat","ZMB","2018",0.0220588235294118
"wheat","BRA","2018",0.0213261958211017
"wheat","COL","2018",0.0141304347826087
"wheat","CRI","2018",0.0471204188481675
"wheat","LKA","2018",0.0136054421768707
"wheat","KEN","2018",0.020368574199806
"wheat","CUB","2018",0.0563139931740614
"wheat","HIC","2018",0.0508782170336959
"wheat","LIC","2018",0.0483556374275343
"wheat","LMC","2018",0.05019160502629
"wheat","UMC","2018",0.067987983840337
"rice","EGY","2018",0.0368246968026461
"rice","IRQ","2018",0.00481927710843374
"rice","MAR","2018",0.027027027027027
"rice","MRT","2018",0.0247349823321555
"rice","SDN","2018",0.0163934426229508
"rice","BGR","2018",0.0833333333333333
"rice","ROU","2018",0.0105263157894737
"rice","BLZ","2018",0.0666666666666667
"rice","GUY","2018",0.426966292134831
"rice","SUR","2018",0.5
"rice","CHN","2018",0.0499577120480113
"rice","FJI","2018",0.0185185185185185
"rice","IDN","2018",0.0857804220151895
"rice","KHM","2018",0.409592203129007
"rice","LAO","2018",0.0813480534572923
"rice","MMR","2018",0.0813568931304923
"rice","MYS","2018",0.0306712962962963
"rice","PHL","2018",0.00993518223355648
"rice","PRK","2018",0.0365939479239972
"rice","THA","2018",0.110274152579487
"rice","TLS","2018",0.0230769230769231
"rice","VNM","2018",0.126502342635975
"rice","ARG","2018",0.0933098591549296
"rice","BGD","2018",0.0740634693390599
"rice","BOL","2018",0.0233545647558386
"rice","DOM","2018",0.038265306122449
"rice","ECU","2018",0.0591775325977934
"rice","ETH","2018",0.00691244239631336
"rice","GHA","2018",0.103386809269162
"rice","GTM","2018",0.00671140939597315
"rice","HND","2018",0.00917431192660551
"rice","HTI","2018",0.00972222222222222
"rice","IND","2018",0.035333328271977
"rice","IRN","2018",0.0224913494809689
"rice","MEX","2018",0.0500945179584121
"rice","NIC","2018",0.0161662817551963
"rice","NPL","2018",0.127358490566038
"rice","PAK","2018",0.0853544776119403
"rice","PAN","2018",0.0156555772994129
"rice","PER","2018",0.0278787878787879
"rice","PRY","2018",0.603448275862069
"rice","RWA","2018",0.0217391304347826
"rice","SLV","2018",0.0105263157894737
"rice","TJK","2018",0.0357142857142857
"rice","TKM","2018",0.0434782608695652
"rice","TUR","2018",0.0228658536585366
"rice","UZB","2018",0.04
"rice","VEN","2018",0.0099160945842868
"rice","AUS","2018",0.0169014084507042
"rice","JPN","2018",0.0184215629241807
"rice","KOR","2018",0.0786719005561008
"rice","AZE","2018",0.0344827586206897
"rice","KAZ","2018",0.248677248677249
"rice","KGZ","2018",0.0465116279069767
"rice","RUS","2018",0.0192483959670028
"rice","UKR","2018",0.00588235294117647
"rice","ESP","2018",0.0530679933665008
"rice","FRA","2018",0.00617283950617284
"rice","GRC","2018",0.18
"rice","ITA","2018",0.0667976424361493
"rice","AFG","2018",0.0424448217317487
"rice","BFA","2018",0.0117878192534381
"rice","CMR","2018",0.0127077223851417
"rice","GMB","2018",0.0118343195266272
"rice","GNB","2018",0.0277777777777778
"rice","LBR","2018",0.0597014925373134
"rice","MLI","2018",0.104785478547855
"rice","NER","2018",0.00627943485086342
"rice","NGA","2018",0.0347485303723057
"rice","TCD","2018",0.0434782608695652
"rice","CHL","2018",0.008
"rice","URY","2018",0.416666666666667
"rice","USA","2018",0.109672085974098
"rice","BEN","2018",0.114200595829196
"rice","GIN","2018",0.223282442748092
"rice","MDG","2018",0.0980058365758755
"rice","MOZ","2018",0.0046339202965709
"rice","MWI","2018",0.0458715596330275
"rice","SEN","2018",0.0158144438587243
"rice","SLE","2018",0.097323600973236
"rice","TGO","2018",0.0732984293193717
"rice","TZA","2018",0.0150905432595573
"rice","UGA","2018",0.0137741046831956
"rice","ZMB","2018",0.0384615384615385
"rice","BRA","2018",0.122105045492142
"rice","COL","2018",0.0116159890673044
"rice","CRI","2018",0.0181268882175227
"rice","LKA","2018",0.0698466780238501
"rice","KEN","2018",0.00355239786856128
"rice","CUB","2018",0.0261066969353008
"rice","HIC","2018",0.0422421688954021
"rice","LIC","2018",0.0965091635623524
"rice","LMC","2018",0.0491582185086526
"rice","UMC","2018",0.0594728001919583
"maize","DZA","2018",0.460191082802548
"maize","EGY","2018",0.170566293658867
"maize","IRQ","2018",0.448275862068966
"maize","JOR","2018",2.0625
"maize","MAR","2018",0.110380116959064
"maize","MRT","2018",0.0666666666666667
"maize","SAU","2018",0.0969441517386723
"maize","SDN","2018",0.363636363636364
"maize","YEM","2018",0.0804878048780488
"maize","BGR","2018",0.748815165876777
"maize","HRV","2018",1.18918918918919
"maize","LTU","2018",1
"maize","ROU","2018",0.091324200913242
"maize","SVN","2018",1.1304347826087
"maize","BLZ","2018",0.4
"maize","BRB","2018",0.333333333333333
"maize","JAM","2018",0.424242424242424
"maize","VCT","2018",1
"maize","CHN","2018",1.12631177256249
"maize","IDN","2018",0.178787878787879
"maize","KHM","2018",0.486631016042781
"maize","LAO","2018",0.401785714285714
"maize","MMR","2018",0.348837209302326
"maize","MYS","2018",0.396341463414634
"maize","PHL","2018",0.0293602103418054
"maize","PNG","2018",0.0625
"maize","PRK","2018",0.13668430335097
"maize","THA","2018",0.147142857142857
"maize","TLS","2018",0.0442477876106195
"maize","VNM","2018",0.261768901569187
"maize","ARG","2018",1.22437137330754
"maize","BGD","2018",2.25225225225225
"maize","BOL","2018",0.0274390243902439
"maize","BWA","2018",0.128712871287129
"maize","CPV","2018",0.0416666666666667
"maize","DOM","2018",0.862745098039216
"maize","ECU","2018",0.109809663250366
"maize","ETH","2018",0.0498319161558236
"maize","GAB","2018",0.0714285714285714
"maize","GHA","2018",0.539156626506024
"maize","GTM","2018",0.0422264875239923
"maize","HND","2018",0.0424966799468791
"maize","HTI","2018",0.0470588235294118
"maize","IND","2018",0.2615760308068
"maize","IRN","2018",1.66666666666667
"maize","ISR","2018",0.0338983050847458
"maize","LSO","2018",0.0177935943060498
"maize","MEX","2018",0.308580301086883
"maize","NAM","2018",0.113821138211382
"maize","NIC","2018",0.24578313253012
"maize","NPL","2018",0.201298701298701
"maize","PAK","2018",0.0735632183908046
"maize","PAN","2018",0.0225563909774436
"maize","PER","2018",0.113342898134864
"maize","PRY","2018",0.491902834008097
"maize","RWA","2018",0.331081081081081
"maize","SLV","2018",0.140167364016736
"maize","TJK","2018",0.132530120481928
"maize","TUR","2018",0.129653401797176
"maize","UZB","2018",0.0247524752475248
"maize","VEN","2018",0.0313124583610926
"maize","ZAF","2018",0.103511006003275
"maize","ZWE","2018",0.110365398956003
"maize","AUS","2018",0.0194174757281553
"maize","JPN","2018",0.00237388724035608
"maize","KOR","2018",0.273333333333333
"maize","NZL","2018",0.291666666666667
"maize","ALB","2018",6.28571428571429
"maize","AZE","2018",0.00934579439252336
"maize","BIH","2018",0.233870967741935
"maize","BLR","2018",10.4
"maize","GEO","2018",0.0851063829787234
"maize","KAZ","2018",1.45454545454545
"maize","KGZ","2018",0.0113636363636364
"maize","MDA","2018",0.220670391061453
"maize","MNE","2018",1.5
"maize","RUS","2018",1.61971830985915
"maize","SRB","2018",0.694444444444444
"maize","UKR","2018",1.48817966903073
"maize","AUT","2018",0.670103092783505
"maize","BEL","2018",0.615384615384615
"maize","CHE","2018",0.857142857142857
"maize","DEU","2018",0.178879310344828
"maize","DNK","2018",0.0285714285714286
"maize","ESP","2018",0.244897959183673
"maize","FRA","2018",0.12541993281075
"maize","GBR","2018",0.0858208955223881
"maize","GRC","2018",6.83333333333333
"maize","ITA","2018",0.040590405904059
"maize","NLD","2018",0.701754385964912
"maize","PRT","2018",0.076530612244898
"maize","MLT","2018",0.5
"maize","AFG","2018",0.25
"maize","BFA","2018",0.0553558590941769
"maize","CAF","2018",0.0563380281690141
"maize","CMR","2018",0.20870265914585
"maize","COG","2018",0.0434782608695652
"maize","GMB","2018",0.0512820512820513
"maize","MLI","2018",0.269135802469136
"maize","NER","2018",0.0172413793103448
"maize","NGA","2018",0.156969696969697
"maize","TCD","2018",0.106508875739645
"maize","CAN","2018",0.863387978142076
"maize","CHL","2018",0.0748129675810474
"maize","MUS","2018",0.25
"maize","URY","2018",0.415094339622642
"maize","USA","2018",4.55714285714286
"maize","BEN","2018",0.974226804123711
"maize","GIN","2018",1.25190839694656
"maize","MDG","2018",0.0465116279069767
"maize","MOZ","2018",0.0689338235294118
"maize","MWI","2018",0.237326155226559
"maize","SEN","2018",0.0601092896174863
"maize","SLE","2018",0.0588235294117647
"maize","TGO","2018",0.113418530351438
"maize","TZA","2018",0.221090473337328
"maize","UGA","2018",0.0980941704035874
"maize","ZMB","2018",0.0331186752529899
"maize","AGO","2018",0.208985704560926
"maize","BRA","2018",1.39614093959732
"maize","COL","2018",0.0334928229665072
"maize","CRI","2018",0.616438356164384
"maize","LKA","2018",0.0616438356164384
"maize","KEN","2018",0.0240061951471347
"maize","CUB","2018",0.215976331360947
"maize","HIC","2018",1.72735191637631
"maize","LIC","2018",0.150657894736842
"maize","LMC","2018",0.368038248308835
"maize","UMC","2018",0.440620708596539
"othr_grains","DZA","2018",0.15311004784689
"othr_grains","EGY","2018",0.215909090909091
"othr_grains","IRQ","2018",0.192307692307692
"othr_grains","JOR","2018",10.5
"othr_grains","KWT","2018",30
"othr_grains","LBN","2018",0.2
"othr_grains","MAR","2018",0.0855855855855856
"othr_grains","MRT","2018",0.101449275362319
"othr_grains","OMN","2018",0.5
"othr_grains","SAU","2018",1.28140703517588
"othr_grains","SDN","2018",0.229487179487179
"othr_grains","TUN","2018",0.416666666666667
"othr_grains","YEM","2018",0.0515463917525773
"othr_grains","BGR","2018",3.71428571428571
"othr_grains","CZE","2018",0.210084033613445
"othr_grains","EST","2018",0.333333333333333
"othr_grains","HRV","2018",1.7
"othr_grains","HUN","2018",2.48
"othr_grains","LTU","2018",0.45
"othr_grains","LVA","2018",0.21
"othr_grains","POL","2018",0.404239766081871
"othr_grains","ROU","2018",2.26027397260274
"othr_grains","SVK","2018",0.393939393939394
"othr_grains","SVN","2018",0.888888888888889
"othr_grains","CHN","2018",0.144815148782687
"othr_grains","MMR","2018",0.164383561643836
"othr_grains","PRK","2018",0.101010101010101
"othr_grains","THA","2018",0.548387096774194
"othr_grains","VNM","2018",0.333333333333333
"othr_grains","ARG","2018",4.8
"othr_grains","BGD","2018",0.0769230769230769
"othr_grains","BOL","2018",0.259259259259259
"othr_grains","BWA","2018",0.0217391304347826
"othr_grains","ECU","2018",0.0576923076923077
"othr_grains","ETH","2018",0.0463387978142077
"othr_grains","GHA","2018",0.206703910614525
"othr_grains","GTM","2018",0.0512820512820513
"othr_grains","HND","2018",0.0555555555555556
"othr_grains","HTI","2018",0.107142857142857
"othr_grains","IND","2018",0.0406885758998435
"othr_grains","IRN","2018",2.84444444444444
"othr_grains","ISR","2018",1.09090909090909
"othr_grains","LSO","2018",0.0625
"othr_grains","MEX","2018",2.27731092436975
"othr_grains","NAM","2018",0.0754716981132075
"othr_grains","NIC","2018",0.333333333333333
"othr_grains","NPL","2018",0.111111111111111
"othr_grains","PAK","2018",0.072289156626506
"othr_grains","PER","2018",0.0837696335078534
"othr_grains","PRY","2018",2.5
"othr_grains","RWA","2018",0.034965034965035
"othr_grains","SLV","2018",0.0588235294117647
"othr_grains","TJK","2018",0.0746268656716418
"othr_grains","TKM","2018",0.1
"othr_grains","TUR","2018",6.0251256281407
"othr_grains","UZB","2018",0.197802197802198
"othr_grains","VEN","2018",1.6
"othr_grains","ZAF","2018",0.1
"othr_grains","ZWE","2018",0.0540540540540541
"othr_grains","AUS","2018",2.50980392156863
"othr_grains","JPN","2018",0.486725663716814
"othr_grains","KOR","2018",0.152777777777778
"othr_grains","NZL","2018",0.3
"othr_grains","ALB","2018",4
"othr_grains","ARM","2018",1
"othr_grains","AZE","2018",3.44444444444444
"othr_grains","BIH","2018",0.555555555555556
"othr_grains","BLR","2018",0.383522727272727
"othr_grains","GEO","2018",0.0612244897959184
"othr_grains","KAZ","2018",0.829694323144105
"othr_grains","KGZ","2018",1.5
"othr_grains","MDA","2018",0.571428571428571
"othr_grains","RUS","2018",0.304347826086957
"othr_grains","SRB","2018",0.355555555555556
"othr_grains","UKR","2018",0.221703617269545
"othr_grains","AUT","2018",0.358333333333333
"othr_grains","BEL","2018",0.964285714285714
"othr_grains","CHE","2018",0.217391304347826
"othr_grains","CYP","2018",0.0909090909090909
"othr_grains","DEU","2018",0.409345794392523
"othr_grains","DNK","2018",1.34375
"othr_grains","ESP","2018",0.989583333333333
"othr_grains","FIN","2018",0.57
"othr_grains","FRA","2018",1.91304347826087
"othr_grains","GBR","2018",0.0756457564575646
"othr_grains","GRC","2018",0.892857142857143
"othr_grains","IRL","2018",1.43478260869565
"othr_grains","ITA","2018",0.116129032258065
"othr_grains","LUX","2018",0.5
"othr_grains","NLD","2018",0.105263157894737
"othr_grains","NOR","2018",0.32
"othr_grains","PRT","2018",0.106382978723404
"othr_grains","SWE","2018",0.351351351351351
"othr_grains","AFG","2018",0.142857142857143
"othr_grains","BFA","2018",0.0677083333333333
"othr_grains","CAF","2018",0.0285714285714286
"othr_grains","CMR","2018",0.239512855209743
"othr_grains","COG","2018",1
"othr_grains","GMB","2018",0.166666666666667
"othr_grains","GNB","2018",0.0606060606060606
"othr_grains","MLI","2018",0.186504217432052
"othr_grains","NER","2018",0.193826274228284
"othr_grains","NGA","2018",0.0733279613215149
"othr_grains","TCD","2018",0.153483499214248
"othr_grains","CAN","2018",9.22388059701493
"othr_grains","CHL","2018",1.14285714285714
"othr_grains","URY","2018",1.30769230769231
"othr_grains","USA","2018",0.105045871559633
"othr_grains","BEN","2018",0.288732394366197
"othr_grains","GIN","2018",0.741007194244604
"othr_grains","MOZ","2018",0.074468085106383
"othr_grains","MWI","2018",0.132352941176471
"othr_grains","SEN","2018",0.236328125
"othr_grains","SLE","2018",0.0441176470588235
"othr_grains","TGO","2018",0.139175257731959
"othr_grains","TZA","2018",0.327231121281465
"othr_grains","UGA","2018",0.0488599348534202
"othr_grains","ZMB","2018",0.172413793103448
"othr_grains","AGO","2018",0.1
"othr_grains","BRA","2018",0.100656455142232
"othr_grains","COL","2018",0.0211267605633803
"othr_grains","KEN","2018",0.271739130434783
"othr_grains","HIC","2018",0.459489993544222
"othr_grains","LIC","2018",0.104013566986998
"othr_grains","LMC","2018",0.10163890739507
"othr_grains","UMC","2018",0.577413765947393
"roots","ARE","2018",0.209677419354839
"roots","DZA","2018",0.47635850388144
"roots","EGY","2018",0.335926246038606
"roots","IRQ","2018",0.127090301003344
"roots","JOR","2018",0.0736842105263158
"roots","KWT","2018",0.0193548387096774
"roots","LBN","2018",0.097972972972973
"roots","MAR","2018",0.17955615332885
"roots","MRT","2018",0.116279069767442
"roots","OMN","2018",0.00847457627118644
"roots","SAU","2018",0.0652173913043478
"roots","SDN","2018",0.0525700934579439
"roots","TUN","2018",0.0881542699724518
"roots","YEM","2018",0.0244755244755245
"roots","BGR","2018",0.104712041884817
"roots","CZE","2018",0.00585651537335286
"roots","EST","2018",0.0470588235294118
"roots","HRV","2018",0.0864197530864197
"roots","HUN","2018",0.0260416666666667
"roots","LTU","2018",0.105882352941176
"roots","LVA","2018",0.0414746543778802
"roots","POL","2018",0.0966887417218543
"roots","ROU","2018",0.0246589716684155
"roots","SVK","2018",0.0072202166064982
"roots","SVN","2018",0.0568181818181818
"roots","DMA","2018",0.454545454545455
"roots","GUY","2018",0.32
"roots","JAM","2018",0.132978723404255
"roots","SUR","2018",0.0666666666666667
"roots","TTO","2018",0.08
"roots","VCT","2018",0.142857142857143
"roots","CHN","2018",0.0803627470077701
"roots","FJI","2018",0.0236220472440945
"roots","FSM","2018",0.0909090909090909
"roots","IDN","2018",0.0380349510360872
"roots","KHM","2018",1.23739495798319
"roots","KIR","2018",0.0909090909090909
"roots","LAO","2018",0.445544554455446
"roots","MMR","2018",0.12431693989071
"roots","MNG","2018",0.00704225352112676
"roots","MYS","2018",0.0154109589041096
"roots","PHL","2018",0.143947655398037
"roots","PNG","2018",0.111111111111111
"roots","PRK","2018",0.150063856960409
"roots","SLB","2018",0.0192307692307692
"roots","THA","2018",3.5007215007215
"roots","TLS","2018",0.0909090909090909
"roots","VNM","2018",0.551058530510585
"roots","VUT","2018",0.0833333333333333
"roots","WSM","2018",0.111111111111111
"roots","ARG","2018",0.114176974310181
"roots","BGD","2018",0.0879274249825541
"roots","BOL","2018",0.108671789242591
"roots","BWA","2018",0.0737704918032787
"roots","CPV","2018",0.0454545454545455
"roots","DOM","2018",0.0794117647058823
"roots","ECU","2018",0.0309859154929577
"roots","ETH","2018",0.0897403894158762
"roots","GAB","2018",0.367647058823529
"roots","GHA","2018",0.608043626448534
"roots","GTM","2018",0.0634146341463415
"roots","HND","2018",0.142857142857143
"roots","HTI","2018",0.275337837837838
"roots","IND","2018",0.285182190203141
"roots","IRN","2018",0.0869187309865276
"roots","ISR","2018",0.138983050847458
"roots","LSO","2018",0.0833333333333333
"roots","MEX","2018",0.0747099767981439
"roots","NAM","2018",0.237942122186495
"roots","NIC","2018",0.231404958677686
"roots","NPL","2018",0.194278903456496
"roots","PAK","2018",0.118881118881119
"roots","PAN","2018",0.0563380281690141
"roots","PER","2018",0.339981006647673
"roots","PRY","2018",0.214585079631182
"roots","RWA","2018",0.069487251330905
"roots","SLV","2018",0.0432098765432099
"roots","TJK","2018",0.227564102564103
"roots","TKM","2018",0.0213903743315508
"roots","TUR","2018",0.0632944228274968
"roots","UZB","2018",0.0125161847216228
"roots","VEN","2018",0.164027149321267
"roots","ZAF","2018",0.100320170757737
"roots","ZWE","2018",0.0902527075812274
"roots","AUS","2018",0.0238683127572016
"roots","JPN","2018",0.036650868878357
"roots","KOR","2018",0.0714285714285714
"roots","NZL","2018",0.0464135021097046
"roots","ALB","2018",0.13768115942029
"roots","ARM","2018",0.693069306930693
"roots","AZE","2018",0.0857538035961272
"roots","BIH","2018",0.027681660899654
"roots","BLR","2018",0.0631884057971014
"roots","GEO","2018",0.0211640211640212
"roots","KAZ","2018",0.173760640961442
"roots","KGZ","2018",0.114478114478114
"roots","MDA","2018",0.00617283950617284
"roots","MNE","2018",0.117647058823529
"roots","RUS","2018",0.0983984799131379
"roots","SRB","2018",0.12258064516129
"roots","UKR","2018",0.361979166666667
"roots","AUT","2018",0.220472440944882
"roots","BEL","2018",0.141987829614604
"roots","CHE","2018",0.0598802395209581
"roots","CYP","2018",0.153846153846154
"roots","DEU","2018",0.133961491192134
"roots","DNK","2018",0.871559633027523
"roots","ESP","2018",0.0534351145038168
"roots","FIN","2018",0.142857142857143
"roots","FRA","2018",0.345794392523364
"roots","GBR","2018",0.0201589455320799
"roots","GRC","2018",0.0716723549488055
"roots","IRL","2018",0.0241691842900302
"roots","ITA","2018",0.0204651162790698
"roots","LUX","2018",0.0526315789473684
"roots","NLD","2018",0.133773740710157
"roots","NOR","2018",0.0249110320284698
"roots","PRT","2018",0.0388198757763975
"roots","SWE","2018",0.12952380952381
"roots","MLT","2018",0.0769230769230769
"roots","AFG","2018",0.0974729241877256
"roots","BFA","2018",0.0776699029126214
"roots","CAF","2018",0.0565428109854604
"roots","CMR","2018",0.666243654822335
"roots","COG","2018",0.0811573747353564
"roots","GMB","2018",0.0666666666666667
"roots","GNB","2018",0.094017094017094
"roots","LBR","2018",0.0878734622144113
"roots","MLI","2018",0.304347826086957
"roots","NER","2018",0.117647058823529
"roots","NGA","2018",0.191508247651454
"roots","TCD","2018",0.158426966292135
"roots","CAN","2018",0.150482093663912
"roots","CHL","2018",0.0821167883211679
"roots","MUS","2018",0.03125
"roots","URY","2018",0.0792682926829268
"roots","USA","2018",0.0711317659923455
"roots","BEN","2018",0.227529855436832
"roots","GIN","2018",0.115593016255268
"roots","MDG","2018",0.0923617769255353
"roots","MOZ","2018",0.0873679036618334
"roots","MWI","2018",0.287155607295305
"roots","SEN","2018",0.141304347826087
"roots","SLE","2018",0.17952041477641
"roots","STP","2018",0.333333333333333
"roots","TGO","2018",0.125756556825824
"roots","TZA","2018",0.118097579425113
"roots","UGA","2018",0.0249428393265433
"roots","ZMB","2018",0.0794701986754967
"roots","AGO","2018",0.21038179916318
"roots","BRA","2018",0.163648753894081
"roots","COL","2018",0.0894203275279438
"roots","CRI","2018",0.198275862068966
"roots","LKA","2018",0.0986842105263158
"roots","KEN","2018",0.0694403750366247
"roots","CUB","2018",0.0822669104204753
"roots","HIC","2018",0.094908955778521
"roots","LIC","2018",0.197256396298312
"roots","LMC","2018",0.170747724551618
"roots","UMC","2018",0.140098246965903
"soybeans","LBN","2018",8
"soybeans","POL","2018",0.333333333333333
"soybeans","BLZ","2018",1
"soybeans","CHN","2018",0.217836812144213
"soybeans","IDN","2018",0.631884057971015
"soybeans","KHM","2018",0.171052631578947
"soybeans","LAO","2018",0.111111111111111
"soybeans","MMR","2018",0.36
"soybeans","PRK","2018",0.153846153846154
"soybeans","THA","2018",0.958620689655172
"soybeans","VNM","2018",0.0564263322884013
"soybeans","ARG","2018",442
"soybeans","BGD","2018",0.0510948905109489
"soybeans","ETH","2018",1
"soybeans","GHA","2018",29
"soybeans","IND","2018",1.70238095238095
"soybeans","ISR","2018",4
"soybeans","MEX","2018",82.5
"soybeans","RWA","2018",0.08
"soybeans","TUR","2018",112
"soybeans","ZAF","2018",0.266304347826087
"soybeans","ZWE","2018",1.75
"soybeans","AUS","2018",0.0555555555555556
"soybeans","JPN","2018",0.0643564356435644
"soybeans","KOR","2018",0.0206896551724138
"soybeans","BIH","2018",0.5
"soybeans","KAZ","2018",1.5
"soybeans","RUS","2018",3.15
"soybeans","UKR","2018",45
"soybeans","AUT","2018",0.315789473684211
"soybeans","BEL","2018",4.5
"soybeans","DEU","2018",0.1625
"soybeans","ESP","2018",10
"soybeans","FRA","2018",1.63636363636364
"soybeans","GRC","2018",1
"soybeans","ITA","2018",19.5
"soybeans","BFA","2018",0.0909090909090909
"soybeans","CMR","2018",0.125
"soybeans","MLI","2018",0.5
"soybeans","NGA","2018",0.475
"soybeans","CAN","2018",1.11363636363636
"soybeans","USA","2018",16.4054054054054
"soybeans","MWI","2018",0.25
"soybeans","ZMB","2018",0.0428571428571429
"soybeans","AGO","2018",0.176470588235294
"soybeans","COL","2018",0.166666666666667
"soybeans","HIC","2018",0.562264150943396
"soybeans","LIC","2018",0.119157340355497
"soybeans","LMC","2018",0.466618287373004
"soybeans","UMC","2018",2.80813953488372
"oil_veg","ARE","2018",0.0229885057471264
"oil_veg","JPN","2018",0.00162778079218665
"oil_veg","AUT","2018",0.0381679389312977
"oil_veg","USA","2018",0.000774593338497289
"oil_veg","HIC","2018",0.000784067743453034
"oil_palm","CHN","2018",0.0340386384544618
"oil_palm","MYS","2018",0.321608040201005
"oil_palm","PNG","2018",0.131147540983607
"oil_palm","GAB","2018",0.2
"oil_palm","JPN","2018",0.0342465753424658
"oil_palm","CMR","2018",0.0671641791044776
"oil_palm","NGA","2018",0.0445317616240995
"oil_palm","HIC","2018",0.00363372093023256
"oil_palm","LMC","2018",0.0155382907880133
"oil_palm","UMC","2018",0.0459893048128342
"fruits_trop","ARE","2018",0.145408163265306
"fruits_trop","DZA","2018",0.0557700557700558
"fruits_trop","EGY","2018",0.130850047755492
"fruits_trop","IRQ","2018",0.223427331887202
"fruits_trop","JOR","2018",0.1125
"fruits_trop","KWT","2018",0.130952380952381
"fruits_trop","LBN","2018",0.12707182320442
"fruits_trop","MAR","2018",0.106834771068348
"fruits_trop","MRT","2018",0.0465116279069767
"fruits_trop","OMN","2018",0.115492957746479
"fruits_trop","SAU","2018",0.0182370820668693
"fruits_trop","SDN","2018",0.1005859375
"fruits_trop","TUN","2018",0.128755364806867
"fruits_trop","YEM","2018",0.0541516245487365
"fruits_trop","BGR","2018",0.074468085106383
"fruits_trop","CZE","2018",0.00531914893617021
"fruits_trop","HRV","2018",0.0555555555555556
"fruits_trop","HUN","2018",0.0952380952380952
"fruits_trop","POL","2018",0.0706075533661741
"fruits_trop","ROU","2018",0.0567685589519651
"fruits_trop","SVK","2018",0.0309278350515464
"fruits_trop","SVN","2018",0.214285714285714
"fruits_trop","BHS","2018",0.027027027027027
"fruits_trop","BLZ","2018",0.175
"fruits_trop","DMA","2018",0.2
"fruits_trop","GRD","2018",0.2
"fruits_trop","GUY","2018",0.4
"fruits_trop","JAM","2018",0.624365482233503
"fruits_trop","LCA","2018",2
"fruits_trop","SUR","2018",0.0666666666666667
"fruits_trop","CHN","2018",0.115258562457782
"fruits_trop","FJI","2018",0.111111111111111
"fruits_trop","FSM","2018",0.928571428571429
"fruits_trop","IDN","2018",0.369511525795829
"fruits_trop","KHM","2018",0.10655737704918
"fruits_trop","KIR","2018",0.928571428571429
"fruits_trop","LAO","2018",0.0833333333333333
"fruits_trop","MMR","2018",0.027027027027027
"fruits_trop","MYS","2018",0.101892285298399
"fruits_trop","PHL","2018",0.138333333333333
"fruits_trop","PNG","2018",0.254010695187166
"fruits_trop","SLB","2018",0.95
"fruits_trop","THA","2018",0.152985074626866
"fruits_trop","TLS","2018",0.5
"fruits_trop","VNM","2018",0.0959119496855346
"fruits_trop","VUT","2018",0.636363636363636
"fruits_trop","WSM","2018",0.305555555555556
"fruits_trop","ARG","2018",0.143407122232916
"fruits_trop","BGD","2018",0.0944123314065511
"fruits_trop","BOL","2018",0.124236252545825
"fruits_trop","CPV","2018",0.375
"fruits_trop","DOM","2018",0.110027855153203
"fruits_trop","ECU","2018",0.125
"fruits_trop","ETH","2018",0.0833333333333333
"fruits_trop","GHA","2018",0.141564318034906
"fruits_trop","GTM","2018",0.215238095238095
"fruits_trop","HND","2018",0.202290076335878
"fruits_trop","HTI","2018",0.111111111111111
"fruits_trop","IND","2018",0.0910187150299055
"fruits_trop","IRN","2018",0.115616438356164
"fruits_trop","ISR","2018",0.0858895705521472
"fruits_trop","MEX","2018",0.127619324796275
"fruits_trop","NIC","2018",0.307692307692308
"fruits_trop","NPL","2018",0.106598984771574
"fruits_trop","PAK","2018",0.0795730228044638
"fruits_trop","PAN","2018",0.125984251968504
"fruits_trop","PER","2018",0.204644412191582
"fruits_trop","PRY","2018",0.0909090909090909
"fruits_trop","RWA","2018",0.103448275862069
"fruits_trop","SLV","2018",0.149171270718232
"fruits_trop","TUR","2018",0.0825852782764812
"fruits_trop","UZB","2018",0.0238095238095238
"fruits_trop","VEN","2018",0.161356628982528
"fruits_trop","ZAF","2018",0.302211302211302
"fruits_trop","ZWE","2018",0.216666666666667
"fruits_trop","AUS","2018",0.0239520958083832
"fruits_trop","JPN","2018",0.143981117230527
"fruits_trop","KOR","2018",0.080607476635514
"fruits_trop","NZL","2018",0.072463768115942
"fruits_trop","ALB","2018",0.072463768115942
"fruits_trop","AZE","2018",0.0303030303030303
"fruits_trop","BIH","2018",0.0740740740740741
"fruits_trop","BLR","2018",0.0113636363636364
"fruits_trop","GEO","2018",0.06
"fruits_trop","MNE","2018",0.0869565217391304
"fruits_trop","AUT","2018",0.0540540540540541
"fruits_trop","BEL","2018",0.0134146341463415
"fruits_trop","CHE","2018",0.0213903743315508
"fruits_trop","CYP","2018",0.205128205128205
"fruits_trop","DEU","2018",0.0360706062931696
"fruits_trop","DNK","2018",0.03
"fruits_trop","ESP","2018",0.138900203665988
"fruits_trop","FIN","2018",0.018018018018018
"fruits_trop","FRA","2018",0.0696881091617934
"fruits_trop","GBR","2018",0.0283425754775108
"fruits_trop","GRC","2018",0.333333333333333
"fruits_trop","IRL","2018",0.0367647058823529
"fruits_trop","ITA","2018",0.0225417800233191
"fruits_trop","NLD","2018",0.0610236220472441
"fruits_trop","NOR","2018",0.0169491525423729
"fruits_trop","PRT","2018",0.0698529411764706
"fruits_trop","SWE","2018",0.0131004366812227
"fruits_trop","CAF","2018",0.0740740740740741
"fruits_trop","CMR","2018",0.0912280701754386
"fruits_trop","GNB","2018",0.266666666666667
"fruits_trop","LBR","2018",0.0909090909090909
"fruits_trop","MLI","2018",0.0877742946708464
"fruits_trop","NER","2018",0.113636363636364
"fruits_trop","NGA","2018",0.150029188558085
"fruits_trop","TCD","2018",0.0952380952380952
"fruits_trop","CAN","2018",0.0288153681963714
"fruits_trop","CHL","2018",0.194285714285714
"fruits_trop","URY","2018",0.132352941176471
"fruits_trop","USA","2018",0.034178384481166
"fruits_trop","BEN","2018",0.0921787709497207
"fruits_trop","GIN","2018",0.0947368421052632
"fruits_trop","MDG","2018",0.0925925925925926
"fruits_trop","MOZ","2018",0.1875
"fruits_trop","MWI","2018",0.0975609756097561
"fruits_trop","SEN","2018",0.0330578512396694
"fruits_trop","SLE","2018",0.0849056603773585
"fruits_trop","STP","2018",0.136363636363636
"fruits_trop","TGO","2018",0.111111111111111
"fruits_trop","TZA","2018",0.0999091734786558
"fruits_trop","ZMB","2018",0.0909090909090909
"fruits_trop","AGO","2018",0.0890052356020942
"fruits_trop","BRA","2018",0.228246931672467
"fruits_trop","COL","2018",0.182920110192837
"fruits_trop","CRI","2018",2.00613496932515
"fruits_trop","LKA","2018",0.187848101265823
"fruits_trop","KEN","2018",0.110694183864916
"fruits_trop","CUB","2018",0.0892857142857143
"fruits_trop","HIC","2018",0.056035489143124
"fruits_trop","LIC","2018",0.0999245852187029
"fruits_trop","LMC","2018",0.136038356948619
"fruits_trop","UMC","2018",0.168813748777421
"fruits_temp","ARE","2018",0.121495327102804
"fruits_temp","DZA","2018",0.0992628992628993
"fruits_temp","EGY","2018",0.106842105263158
"fruits_temp","IRQ","2018",0.0684380032206119
"fruits_temp","JOR","2018",0.119148936170213
"fruits_temp","KWT","2018",0.0294117647058824
"fruits_temp","LBN","2018",0.13671875
"fruits_temp","MAR","2018",0.188606194690265
"fruits_temp","OMN","2018",0.0354609929078014
"fruits_temp","SAU","2018",0.168341708542714
"fruits_temp","SDN","2018",0.09375
"fruits_temp","TUN","2018",0.189655172413793
"fruits_temp","YEM","2018",0.0935114503816794
"fruits_temp","BGR","2018",0.074468085106383
"fruits_temp","CZE","2018",0.0420168067226891
"fruits_temp","HRV","2018",0.0680851063829787
"fruits_temp","HUN","2018",0.0273972602739726
"fruits_temp","LTU","2018",0.205882352941176
"fruits_temp","LVA","2018",0.0232558139534884
"fruits_temp","POL","2018",0.113784461152882
"fruits_temp","ROU","2018",0.0369393139841689
"fruits_temp","SVK","2018",0.0774647887323944
"fruits_temp","SVN","2018",0.118483412322275
"fruits_temp","BHS","2018",0.0769230769230769
"fruits_temp","BLZ","2018",0.230769230769231
"fruits_temp","GRD","2018",0.142857142857143
"fruits_temp","GUY","2018",0.0697674418604651
"fruits_temp","JAM","2018",0.0909090909090909
"fruits_temp","LCA","2018",0.142857142857143
"fruits_temp","TTO","2018",0.0833333333333333
"fruits_temp","CHN","2018",0.0973094170403587
"fruits_temp","FJI","2018",0.0625
"fruits_temp","IDN","2018",0.0936029505277884
"fruits_temp","KHM","2018",0.151162790697674
"fruits_temp","LAO","2018",0.0660377358490566
"fruits_temp","MMR","2018",0.103833865814696
"fruits_temp","MYS","2018",0.0478723404255319
"fruits_temp","PHL","2018",0.047744091668656
"fruits_temp","PNG","2018",0.101477832512315
"fruits_temp","PRK","2018",0.0936227951153324
"fruits_temp","SLB","2018",0.0740740740740741
"fruits_temp","THA","2018",0.0984638630067993
"fruits_temp","TLS","2018",0.0588235294117647
"fruits_temp","VNM","2018",0.0958904109589041
"fruits_temp","WSM","2018",0.0666666666666667
"fruits_temp","ARG","2018",0.213709677419355
"fruits_temp","BGD","2018",0.104439476205685
"fruits_temp","BOL","2018",0.0714285714285714
"fruits_temp","DOM","2018",0.0928753180661578
"fruits_temp","ECU","2018",0.0961098398169336
"fruits_temp","ETH","2018",0.0982658959537572
"fruits_temp","GAB","2018",0.0740740740740741
"fruits_temp","GHA","2018",0.0648854961832061
"fruits_temp","GTM","2018",0.231481481481481
"fruits_temp","HND","2018",0.076271186440678
"fruits_temp","HTI","2018",0.246467817896389
"fruits_temp","IND","2018",0.105044656882546
"fruits_temp","IRN","2018",0.0944997074312463
"fruits_temp","ISR","2018",0.0351493848857645
"fruits_temp","LSO","2018",0.037037037037037
"fruits_temp","MEX","2018",0.115415019762846
"fruits_temp","NAM","2018",0.0597014925373134
"fruits_temp","NIC","2018",0.0909090909090909
"fruits_temp","NPL","2018",0.0899532710280374
"fruits_temp","PAK","2018",0.0916821684825937
"fruits_temp","PAN","2018",0.0307692307692308
"fruits_temp","PER","2018",0.374701670644391
"fruits_temp","PRY","2018",0.0763358778625954
"fruits_temp","RWA","2018",0.096
"fruits_temp","SLV","2018",0.100591715976331
"fruits_temp","TJK","2018",0.0843023255813953
"fruits_temp","TKM","2018",0.105431309904153
"fruits_temp","TUR","2018",0.157697957003605
"fruits_temp","UZB","2018",0.0444718962322421
"fruits_temp","VEN","2018",0.146788990825688
"fruits_temp","ZAF","2018",0.83695652173913
"fruits_temp","ZWE","2018",0.0588235294117647
"fruits_temp","AUS","2018",0.177570093457944
"fruits_temp","JPN","2018",0.113737734165923
"fruits_temp","KOR","2018",0.11950146627566
"fruits_temp","NZL","2018",0.626373626373626
"fruits_temp","ALB","2018",0.0663716814159292
"fruits_temp","ARM","2018",0.16140350877193
"fruits_temp","AZE","2018",0.111111111111111
"fruits_temp","BIH","2018",0.134057971014493
"fruits_temp","BLR","2018",0.153700189753321
"fruits_temp","GEO","2018",0.163636363636364
"fruits_temp","KAZ","2018",0.0196987253765933
"fruits_temp","KGZ","2018",0.0701754385964912
"fruits_temp","MDA","2018",0.263888888888889
"fruits_temp","MNE","2018",0.0888888888888889
"fruits_temp","RUS","2018",0.02674357629785
"fruits_temp","SRB","2018",0.102040816326531
"fruits_temp","UKR","2018",0.113938692886061
"fruits_temp","AUT","2018",0.178461538461538
"fruits_temp","BEL","2018",0.130536130536131
"fruits_temp","CHE","2018",0.0657596371882086
"fruits_temp","CYP","2018",0.125
"fruits_temp","DEU","2018",0.0301974448315912
"fruits_temp","DNK","2018",0.0540540540540541
"fruits_temp","ESP","2018",0.602279202279202
"fruits_temp","FIN","2018",0.021505376344086
"fruits_temp","FRA","2018",0.103238217377365
"fruits_temp","GBR","2018",0.0353516359533659
"fruits_temp","GRC","2018",0.447826086956522
"fruits_temp","IRL","2018",0.03125
"fruits_temp","ITA","2018",0.0921787709497207
"fruits_temp","LUX","2018",0.0967741935483871
"fruits_temp","NLD","2018",0.0958019375672766
"fruits_temp","NOR","2018",0.031390134529148
"fruits_temp","PRT","2018",0.247376311844078
"fruits_temp","SWE","2018",0.0825082508250825
"fruits_temp","AFG","2018",0.100636942675159
"fruits_temp","BFA","2018",0.135135135135135
"fruits_temp","CAF","2018",0.1
"fruits_temp","CMR","2018",0.137339055793991
"fruits_temp","COG","2018",0.0921052631578947
"fruits_temp","GMB","2018",0.0909090909090909
"fruits_temp","GNB","2018",0.181818181818182
"fruits_temp","MLI","2018",0.0980176211453744
"fruits_temp","NER","2018",0.0895238095238095
"fruits_temp","NGA","2018",0.124648876404494
"fruits_temp","TCD","2018",0.115789473684211
"fruits_temp","CAN","2018",0.0321209258384506
"fruits_temp","CHL","2018",0.463810930576071
"fruits_temp","MUS","2018",0.0434782608695652
"fruits_temp","URY","2018",0.0849056603773585
"fruits_temp","USA","2018",0.0890171943404606
"fruits_temp","BEN","2018",0.0858895705521472
"fruits_temp","GIN","2018",0.342857142857143
"fruits_temp","MDG","2018",0.205741626794258
"fruits_temp","MOZ","2018",0.0904761904761905
"fruits_temp","MWI","2018",0.108333333333333
"fruits_temp","SEN","2018",0.203947368421053
"fruits_temp","SLE","2018",0.0892857142857143
"fruits_temp","TGO","2018",0.0714285714285714
"fruits_temp","TZA","2018",0.0918674698795181
"fruits_temp","UGA","2018",0.1
"fruits_temp","ZMB","2018",0.105263157894737
"fruits_temp","AGO","2018",0.037037037037037
"fruits_temp","BRA","2018",0.233782129742962
"fruits_temp","COL","2018",0.102766798418972
"fruits_temp","CRI","2018",0.0983606557377049
"fruits_temp","LKA","2018",0.167577413479053
"fruits_temp","KEN","2018",0.0714908456843941
"fruits_temp","CUB","2018",0.0994152046783626
"fruits_temp","HIC","2018",0.113108598519016
"fruits_temp","LIC","2018",0.0978859705317104
"fruits_temp","LMC","2018",0.100277439040625
"fruits_temp","UMC","2018",0.139239929867705
"fruits_starch","ARE","2018",0.0532544378698225
"fruits_starch","DZA","2018",0.109090909090909
"fruits_starch","EGY","2018",0.0983884648006785
"fruits_starch","IRQ","2018",0.112727272727273
"fruits_starch","JOR","2018",0.0784313725490196
"fruits_starch","LBN","2018",0.159574468085106
"fruits_starch","MAR","2018",0.0841121495327103
"fruits_starch","OMN","2018",0.235294117647059
"fruits_starch","SAU","2018",0.0197628458498024
"fruits_starch","SDN","2018",0.112328767123288
"fruits_starch","TUN","2018",0.0810810810810811
"fruits_starch","YEM","2018",0.0952380952380952
"fruits_starch","BGR","2018",0.04
"fruits_starch","CZE","2018",0.103174603174603
"fruits_starch","HRV","2018",0.0491803278688525
"fruits_starch","HUN","2018",0.0408163265306122
"fruits_starch","POL","2018",0.365671641791045
"fruits_starch","ROU","2018",0.0382775119617225
"fruits_starch","SVK","2018",0.0714285714285714
"fruits_starch","SVN","2018",0.285714285714286
"fruits_starch","BHS","2018",0.0909090909090909
"fruits_starch","BLZ","2018",0.5
"fruits_starch","DMA","2018",1.85714285714286
"fruits_starch","GUY","2018",0.173913043478261
"fruits_starch","JAM","2018",0.0961538461538462
"fruits_starch","LCA","2018",0.333333333333333
"fruits_starch","SUR","2018",0.111111111111111
"fruits_starch","VCT","2018",0.714285714285714
"fruits_starch","CHN","2018",0.245939013964092
"fruits_starch","FSM","2018",0.142857142857143
"fruits_starch","IDN","2018",0.095748031496063
"fruits_starch","KHM","2018",0.115044247787611
"fruits_starch","KIR","2018",0.142857142857143
"fruits_starch","LAO","2018",0.0617906683480454
"fruits_starch","MMR","2018",0.186046511627907
"fruits_starch","MYS","2018",0.228136882129278
"fruits_starch","PHL","2018",0.156518267119185
"fruits_starch","PNG","2018",0.1
"fruits_starch","THA","2018",0.143790849673203
"fruits_starch","VNM","2018",0.107938320959452
"fruits_starch","VUT","2018",0.0666666666666667
"fruits_starch","WSM","2018",0.133333333333333
"fruits_starch","ARG","2018",0.0757314974182444
"fruits_starch","BGD","2018",0.0914221218961625
"fruits_starch","BOL","2018",0.31317494600432
"fruits_starch","CPV","2018",0.111111111111111
"fruits_starch","DOM","2018",0.138599105812221
"fruits_starch","ECU","2018",0.0664780763790665
"fruits_starch","ETH","2018",0.101769911504425
"fruits_starch","GAB","2018",0.322709163346614
"fruits_starch","GHA","2018",0.0822770223553814
"fruits_starch","GTM","2018",7.48809523809524
"fruits_starch","HND","2018",0.416666666666667
"fruits_starch","HTI","2018",0.299120234604106
"fruits_starch","IND","2018",0.251202609050143
"fruits_starch","IRN","2018",0.010230179028133
"fruits_starch","ISR","2018",0.024
"fruits_starch","MEX","2018",0.122817955112219
"fruits_starch","NIC","2018",0.356060606060606
"fruits_starch","NPL","2018",0.0798479087452472
"fruits_starch","PAK","2018",0.206896551724138
"fruits_starch","PAN","2018",0.121212121212121
"fruits_starch","PER","2018",0.351254480286738
"fruits_starch","PRY","2018",1.35714285714286
"fruits_starch","RWA","2018",0.125238397965671
"fruits_starch","SLV","2018",0.187878787878788
"fruits_starch","TUR","2018",0.0770609318996416
"fruits_starch","VEN","2018",0.0964630225080386
"fruits_starch","ZAF","2018",0.0677655677655678
"fruits_starch","ZWE","2018",0.0598802395209581
"fruits_starch","AUS","2018",0.0207715133531157
"fruits_starch","JPN","2018",0.204326923076923
"fruits_starch","KOR","2018",0.0517241379310345
"fruits_starch","NZL","2018",0.126760563380282
"fruits_starch","BIH","2018",0.106382978723404
"fruits_starch","BLR","2018",0.0138888888888889
"fruits_starch","AUT","2018",0.0560747663551402
"fruits_starch","CHE","2018",0.0104166666666667
"fruits_starch","CYP","2018",0.1
"fruits_starch","DEU","2018",0.0486039296794209
"fruits_starch","DNK","2018",0.0595238095238095
"fruits_starch","ESP","2018",0.277620396600567
"fruits_starch","FIN","2018",0.0612244897959184
"fruits_starch","FRA","2018",0.0775862068965517
"fruits_starch","GBR","2018",0.0519348268839104
"fruits_starch","IRL","2018",0.0689655172413793
"fruits_starch","NLD","2018",0.0401459854014599
"fruits_starch","NOR","2018",0.05
"fruits_starch","PRT","2018",0.122093023255814
"fruits_starch","SWE","2018",0.135135135135135
"fruits_starch","CAF","2018",0.0887573964497041
"fruits_starch","CMR","2018",0.340848806366048
"fruits_starch","COG","2018",0.0935251798561151
"fruits_starch","GNB","2018",0.226415094339623
"fruits_starch","LBR","2018",0.0909090909090909
"fruits_starch","MLI","2018",0.0776699029126214
"fruits_starch","NGA","2018",0.091358024691358
"fruits_starch","CAN","2018",0.0189328743545611
"fruits_starch","CHL","2018",0.0596330275229358
"fruits_starch","URY","2018",0.181818181818182
"fruits_starch","USA","2018",0.0563812219863175
"fruits_starch","BEN","2018",0.1
"fruits_starch","GIN","2018",0.214642262895175
"fruits_starch","MDG","2018",0.0911680911680912
"fruits_starch","MOZ","2018",0.0666666666666667
"fruits_starch","MWI","2018",0.0997340425531915
"fruits_starch","SEN","2018",0.0526315789473684
"fruits_starch","SLE","2018",0.0952380952380952
"fruits_starch","STP","2018",0.205128205128205
"fruits_starch","TGO","2018",0.238095238095238
"fruits_starch","TZA","2018",0.281182408074982
"fruits_starch","UGA","2018",0.0345634095634096
"fruits_starch","AGO","2018",0.720383275261324
"fruits_starch","BRA","2018",0.178502202643172
"fruits_starch","COL","2018",0.0837625979843225
"fruits_starch","CRI","2018",1.02439024390244
"fruits_starch","LKA","2018",0.104452054794521
"fruits_starch","KEN","2018",0.175040518638574
"fruits_starch","CUB","2018",0.0336700336700337
"fruits_starch","HIC","2018",0.0659340659340659
"fruits_starch","LIC","2018",0.120008804754567
"fruits_starch","LMC","2018",0.234429509118265
"fruits_starch","UMC","2018",0.136517998641612
"othrcrp","ARE","2018",0.0816326530612245
"othrcrp","DZA","2018",0.00239234449760766
"othrcrp","EGY","2018",0.0135746606334842
"othrcrp","MAR","2018",0.0104643557880968
"othrcrp","SAU","2018",0.0076530612244898
"othrcrp","SDN","2018",0.0306122448979592
"othrcrp","TUN","2018",0.00904977375565611
"othrcrp","YEM","2018",0.0158704967465482
"othrcrp","BGR","2018",0.00133333333333333
"othrcrp","CZE","2018",0.000966183574879227
"othrcrp","HUN","2018",0.00686683490412182
"othrcrp","POL","2018",0.000787187732466377
"othrcrp","ROU","2018",0.0012881064834693
"othrcrp","SVK","2018",0.00182149362477231
"othrcrp","SVN","2018",0.0601027210140968
"othrcrp","CHN","2018",0.00314932974903094
"othrcrp","IDN","2018",0.0672411474443192
"othrcrp","KHM","2018",0.00395256916996047
"othrcrp","LAO","2018",0.0317460317460317
"othrcrp","MMR","2018",0.037037037037037
"othrcrp","MYS","2018",0.00518089974958985
"othrcrp","PHL","2018",0.00120288692862871
"othrcrp","PNG","2018",0.0258620689655172
"othrcrp","THA","2018",0.00595550694899379
"othrcrp","VNM","2018",0.0509529366005445
"othrcrp","ARG","2018",0.0293685756240822
"othrcrp","BGD","2018",0.0209667274164153
"othrcrp","BOL","2018",0.00424628450106157
"othrcrp","DOM","2018",0.00180828556445634
"othrcrp","ECU","2018",0.00417246175243394
"othrcrp","ETH","2018",0.00871542250852596
"othrcrp","GHA","2018",0.00412087912087912
"othrcrp","GTM","2018",0.00668896321070234
"othrcrp","HND","2018",0.037593984962406
"othrcrp","HTI","2018",0.0132450331125828
"othrcrp","IND","2018",0.0176787969234301
"othrcrp","IRN","2018",0.0128913443830571
"othrcrp","MEX","2018",0.00243899308096173
"othrcrp","NIC","2018",0.0672268907563025
"othrcrp","NPL","2018",0.187022900763359
"othrcrp","PAK","2018",0.0192304847561427
"othrcrp","PER","2018",0.0171365395245992
"othrcrp","PRY","2018",0.00151285930408472
"othrcrp","RWA","2018",0.0493827160493827
"othrcrp","SLV","2018",0.00851063829787234
"othrcrp","TUR","2018",0.0117582294244347
"othrcrp","UZB","2018",0.00550964187327824
"othrcrp","VEN","2018",0.00541125541125541
"othrcrp","ZAF","2018",0.000256078011605455
"othrcrp","ZWE","2018",0.00207026478686624
"othrcrp","AUS","2018",0.00416487345726146
"othrcrp","JPN","2018",0.00232995489873017
"othrcrp","KOR","2018",0.000165327240473431
"othrcrp","NZL","2018",0.0110864745011086
"othrcrp","AZE","2018",0.00159489633173844
"othrcrp","BIH","2018",0.00280890986208253
"othrcrp","BLR","2018",0.00120772946859903
"othrcrp","KAZ","2018",0.00113895216400911
"othrcrp","RUS","2018",0.00132955149796135
"othrcrp","UKR","2018",0.000437254044599913
"othrcrp","AUT","2018",0.00350877192982456
"othrcrp","BEL","2018",0.00121801196087746
"othrcrp","CHE","2018",0.00104166666666667
"othrcrp","DEU","2018",0.00257964873505676
"othrcrp","DNK","2018",0.00139076255510897
"othrcrp","ESP","2018",0.0199807877041306
"othrcrp","FIN","2018",0.00158212827896086
"othrcrp","FRA","2018",0.00949533094341561
"othrcrp","GBR","2018",0.00158296157720535
"othrcrp","GRC","2018",0.00146198830409357
"othrcrp","IRL","2018",0.00622533212146868
"othrcrp","ITA","2018",0.00530417115407233
"othrcrp","NLD","2018",0.00121573156647012
"othrcrp","PRT","2018",0.00586844620311531
"othrcrp","CAF","2018",0.0120481927710843
"othrcrp","CMR","2018",0.0712250712250712
"othrcrp","NER","2018",0.0169491525423729
"othrcrp","NGA","2018",0.00786593707250342
"othrcrp","TCD","2018",0.0123456790123457
"othrcrp","CAN","2018",0.00145687645687646
"othrcrp","CHL","2018",0.000713775874375446
"othrcrp","URY","2018",0.0126571597333558
"othrcrp","USA","2018",0.00569774246204072
"othrcrp","GIN","2018",0.027027027027027
"othrcrp","MDG","2018",0.0163934426229508
"othrcrp","MOZ","2018",0.00711743772241993
"othrcrp","MWI","2018",0.0129198966408269
"othrcrp","SLE","2018",0.0555555555555556
"othrcrp","TGO","2018",0.0117647058823529
"othrcrp","TZA","2018",0.0152925531914894
"othrcrp","UGA","2018",0.00598802395209581
"othrcrp","ZMB","2018",0.00141242937853107
"othrcrp","AGO","2018",0.0318342597271349
"othrcrp","BRA","2018",0.0175976953907816
"othrcrp","COL","2018",0.00523969593641428
"othrcrp","CRI","2018",0.0337837837837838
"othrcrp","LKA","2018",0.0716845878136201
"othrcrp","KEN","2018",0.0279027902790279
"othrcrp","HIC","2018",0.00493829742610128
"othrcrp","LIC","2018",0.015736121975034
"othrcrp","LMC","2018",0.00799910920511521
"othrcrp","UMC","2018",0.00775490618986918
